Date,S12000005,S12000006,S12000008,S12000010,S12000011,S12000013,S12000014,S12000017,S12000018,S12000019,S12000020,S12000021,S12000023,S12000026,S12000027,S12000028,S12000029,S12000030,S12000033,S12000034,S12000035,S12000036,S12000038,S12000039,S12000040,S12000041,S12000042,S12000045,S12000047,S12000048,S12000049,S12000050
2020-01-01,19.5673,20.1935,23.9952,15.9097,21.1171,18.2739,21.9404,22.1424,13.4307,24.9357,17.9729,18.3967,22.9827,16.1681,18.7417,16.6614,16.6962,25.7206,18.1527,27.7632,22.2571,22.9072,22.0837,25.154,18.033,18.39,19.002,20.4693,23.2221,18.7577,20.1528,23.7801
2020-01-02,19.5176,20.5741,25.0886,16.9663,21.0053,19.2784,21.2084,21.7335,14.1969,23.57,17.6048,19.5713,24.3269,16.0269,19.8794,16.0432,16.9566,25.5942,16.8779,28.7842,20.3857,23.0166,22.409,24.4506,16.7252,19.3397,19.4363,19.3249,22.05,18.4549,19.636,22.7315
2020-01-03,20.4484,19.4639,24.7145,18.5311,20.3833,19.5944,20.5887,21.8787,14.571,24.3172,18.0147,20.1562,22.5696,15.7058,19.3036,13.8519,19.3307,26.9357,15.8911,27.2112,20.1553,22.5786,21.8887,25.2704,18.4325,21.5239,18.6166,19.912,22.9599,19.1176,19.1706,20.7467
2020-01-04,20.9377,19.435,23.6389,18.7932,19.2287,18.7817,19.8184,22.3452,15.6483,23.1704,18.6109,21.8768,21.4273,14.5909,20.0985,12.3913,18.9467,26.9615,16.4315,25.5717,20.8072,20.1052,21.1958,25.9313,18.9802,20.8984,18.3995,19.0926,24.4729,17.9761,21.2045,20.7558
2020-01-05,23.3646,18.613,22.1192,19.8757,18.628,17.727,18.8246,22.2963,17.7889,24.6512,19.7178,20.5118,22.373,13.8006,20.2525,14.4203,20.2629,25.7574,17.4349,25.0355,19.6095,20.6836,20.6883,26.2633,20.2869,20.2707,16.8418,18.5208,23.6542,17.6046,20.5324,21.2306
2020-01-06,23.6442,18.1817,21.8921,19.6357,19.3981,16.6305,18.6289,23.4125,16.1066,23.1892,20.2629,19.8138,21.7159,14.4935,22.4546,14.5086,20.0715,25.7363,17.9649,25.3356,18.3328,20.283,23.14,24.8414,20.3997,19.2476,17.7778,18.4959,23.6444,16.5755,19.5582,20.8819
2020-01-07,23.739,17.9715,20.8665,20.3082,19.8394,17.0397,17.6244,23.3349,15.4467,21.9482,18.3285,20.377,20.9614,14.541,21.8649,14.6983,20.694,24.4874,17.2067,25.3406,18.1958,19.883,24.2087,24.8394,22.1862,18.8275,17.2404,18.781,22.495,17.8744,19.7823,20.7627
2020-01-08,21.9928,17.7773,20.642,18.6564,19.8787,13.5866,18.3552,21.102,16.2959,22.6922,16.1893,19.7434,21.0433,16.1921,20.6075,16.0534,20.8223,23.866,16.933,23.991,19.2959,18.2355,23.1852,23.5237,23.0311,17.5346,17.3816,18.5564,22.6542,17.1205,18.2714,19.7172
2020-01-09,22.9205,17.7437,21.2922,19.1472,20.19,11.9928,16.71,19.7056,16.9378,23.9214,15.6869,20.4689,20.2352,14.3496,20.1732,17.2073,19.0534,23.8397,16.1847,22.0437,21.0701,17.9565,22.2457,23.1444,21.8998,17.6124,16.8507,17.5096,22.8071,16.5287,18.6705,20.04
2020-01-10,22.687,17.7633,21.3614,18.1216,18.6988,11.8951,15.7183,21.0481,18.8838,25.5133,14.5537,20.8356,22.0359,15.5063,19.765,17.3946,18.3765,23.1588,16.8689,22.1877,20.9055,17.411,22.1297,25.8304,20.5775,17.1754,18.2654,16.6439,21.2337,18.1199,20.6283,18.9828
2020-01-11,22.876,17.1051,21.3148,18.3593,18.8067,12.2711,16.1308,22.8327,16.8247,23.0743,14.7051,21.3565,22.1129,15.9462,21.0886,17.0626,20.2667,23.83,17.5394,22.3585,20.4449,18.3654,21.8857,25.3293,20.3074,16.3466,19.9617,16.7695,22.41,18.5993,19.9659,18.4928
2020-01-12,20.9646,16.7519,21.4101,18.4847,20.2979,12.9414,16.4909,24.2226,17.8815,24.0262,17.7529,20.3204,21.4141,15.2069,21.758,17.3419,19.9907,21.3674,17.6618,20.8534,19.5095,21.149,21.4927,23.6403,20.4095,16.7892,19.541,16.4087,22.5322,19.0375,19.5487,18.5019
2020-01-13,21.5519,16.3002,21.8123,19.321,20.3278,13.7182,16.6667,25.4934,18.6138,25.5167,18.5528,19.7951,20.9762,15.2856,21.843,18.2578,19.3249,22.0205,18.984,22.2154,21.8199,20.8996,20.1669,25.6114,20.2765,17.1297,19.9175,15.3232,23.6629,17.5372,20.1712,16.9416
2020-01-14,21.6109,17.6446,19.3481,19.8039,20.9939,14.094,16.1647,25.9713,18.207,25.2406,17.3071,17.9758,21.5763,16.1497,21.3866,18.073,19.4851,22.7068,18.1216,24.3609,24.0134,20.5195,18.4111,25.1057,20.4357,17.9842,20.2863,15.8091,24.2196,17.2999,19.1449,15.9421
2020-01-15,21.7389,17.609,19.4983,20.597,20.8262,14.6825,15.6003,25.8046,16.8044,24.7182,17.5099,18.5865,23.4787,18.3706,21.8914,18.4295,18.745,22.0456,18.7364,25.6446,23.41,22.1572,18.8897,25.1958,19.4975,16.1393,21.3369,15.8685,24.6041,17.5276,18.8308,18.0147
2020-01-16,21.9098,18.2385,19.877,20.7058,20.6007,13.5942,15.975,25.4901,17.235,25.236,19.5088,18.5497,21.7573,17.0078,22.8151,18.8279,19.2928,22.5659,17.5637,25.6402,21.9804,22.4631,17.9941,25.3443,18.7185,17.188,20.711,16.8775,21.8434,18.4468,19.4882,18.703
2020-01-17,21.4497,18.9208,20.5073,20.1119,18.811,13.9997,16.1564,24.1187,16.57,23.8432,20.298,17.2248,20.3139,16.3204,21.7569,19.6719,20.2518,20.7008,18.5266,25.6062,22.0009,22.1864,18.9377,25.4136,17.6918,16.2323,19.9826,17.5935,21.6794,18.9468,19.0226,20.5384
2020-01-18,19.5682,17.4397,22.1184,20.4748,17.0191,14.4977,15.9326,23.6194,16.9325,23.5441,20.9871,16.2684,23.1046,15.7365,23.0815,19.6099,19.5753,20.1562,19.4455,25.0575,21.3523,22.4057,18.6233,25.5387,16.244,16.3294,18.7757,18.4324,19.8999,19.7092,19.2711,19.5515
2020-01-19,17.7187,16.9928,22.5053,19.6792,18.8303,15.9153,17.7548,24.0999,17.1532,20.3877,20.3149,17.7971,23.4222,15.3333,22.9992,18.9555,19.1942,19.1003,21.2967,22.9658,19.9153,21.6287,18.4179,24.7909,18.9759,18.4569,17.231,19.5059,20.7473,20.3299,18.8741,18.1955
2020-01-20,16.832,17.5209,23.0967,19.5586,18.5816,17.6349,15.8218,22.5687,17.1915,21.6208,20.4206,18.6415,21.7483,16.268,23.4947,17.9811,17.7664,18.6835,20.0678,24.2248,20.6187,21.2057,19.2869,24.4112,18.0975,18.2269,18.1047,20.3798,20.132,19.502,20.3065,18.3403
2020-01-21,18.906,17.6014,23.3534,20.0363,17.782,18.6745,16.1448,22.125,17.4922,20.7751,19.6985,20.8074,20.9154,17.8025,23.5048,18.3784,19.0418,18.9274,20.6099,24.1093,22.2585,22.8812,19.0106,23.585,16.77,19.0899,19.5645,19.3813,21.8392,21.608,19.8201,18.8385
2020-01-22,19.4066,17.1413,24.1129,18.8414,19.4508,19.4507,15.7959,22.8098,17.9811,21.3898,20.3065,19.8213,21.1497,16.6524,23.3167,17.9994,19.7117,19.2301,20.7809,25.1824,21.4622,22.9763,18.3597,21.9189,17.7664,20.2518,19.8648,17.8621,20.4211,21.4339,20.2186,18.4793
2020-01-23,20.3176,18.2949,22.7762,19.298,18.936,20.179,17.2132,23.8522,17.5461,19.842,19.5512,19.7639,20.9006,17.8846,20.972,18.0157,19.4198,18.1344,21.446,24.7866,21.8194,23.7915,17.7289,21.6969,18.5857,19.4037,20.122,18.502,19.5229,21.8746,19.7526,19.2641
2020-01-24,18.809,18.6199,21.7247,19.9381,18.5892,21.5597,17.0114,23.0882,18.0941,18.9735,19.974,19.7603,20.5942,18.4914,20.682,17.5189,20.924,19.1928,20.3376,23.6599,22.5917,23.2961,18.6356,21.3273,19.291,18.9534,20.4933,19.9342,19.7087,21.8978,19.4206,18.4567
2020-01-25,19.2044,19.8435,22.3911,20.192,19.4508,20.2793,17.9251,23.3448,18.708,19.6371,19.1576,20.6179,20.0244,19.3539,21.6514,18.1258,19.0515,18.4255,20.7727,24.7629,22.4399,21.9531,19.7907,20.2065,20.0192,18.6393,20.8404,22.1579,18.9411,21.8687,22.074,18.2486
2020-01-26,19.4824,19.3379,21.4444,21.2474,20.2515,17.3254,17.4238,23.5811,19.0389,18.1346,19.3423,20.1926,22.5374,17.6566,21.0746,18.0981,19.7164,18.3489,22.5968,23.4275,22.3011,21.7883,19.5807,20.9676,19.0835,15.8713,20.9168,22.414,20.8328,20.8003,20.3979,19.9438
2020-01-27,17.4434,19.6223,21.1616,22.3089,19.4296,16.8225,18.0426,22.0961,19.7435,18.7655,19.244,21.504,22.5592,17.5531,19.8484,18.6738,18.5396,19.2638,23.1248,23.4455,24.4522,21.9419,20.0501,19.4997,18.086,17.5461,20.1082,22.2555,20.7104,21.2424,17.853,21.0362
2020-01-28,17.0573,18.0155,19.3682,22.1194,17.9791,17.7007,17.3192,21.7477,20.5428,18.5225,19.6901,21.41,22.7996,19.0816,19.8981,17.4868,18.4191,18.5863,22.8898,21.8018,22.0278,21.5757,18.7479,19.4703,17.4369,17.5237,19.6051,22.3454,21.5795,22.6515,17.0341,20.7755
2020-01-29,15.825,18.3145,18.1744,22.4115,18.8116,18.0435,19.2408,21.1227,21.7346,17.9737,18.0371,19.7958,21.7011,19.8501,18.6782,18.1083,20.446,19.5194,22.499,21.8658,22.4304,21.0149,17.4136,20.5562,17.6507,19.3808,21.3653,22.7042,22.0414,22.6342,17.4363,20.1422
2020-01-30,15.9816,19.4558,18.8632,22.9465,16.8865,17.3114,20.6496,20.7136,20.8141,18.5864,18.4865,19.8605,20.0349,18.566,19.9067,16.4585,21.2435,19.2247,22.6362,22.1259,24.4192,19.9926,18.3976,21.2705,17.255,18.6185,21.9401,22.3536,22.7292,22.4356,16.3292,17.9585
2020-01-31,15.8136,21.0237,19.7603,22.6312,15.4254,18.3418,19.4405,22.8606,19.4357,18.4923,17.8111,19.4377,19.8482,18.6426,18.1816,15.5539,20.6409,19.1448,22.1448,21.6693,24.0377,19.8461,18.413,21.0496,18.5894,17.3437,22.6088,22.3425,22.7986,22.1315,16.3975,17.2473
2020-02-01,15.5842,20.7173,20.7828,21.7269,16.841,19.083,18.9496,23.9618,20.1901,18.8934,16.6753,19.9041,20.3159,17.5458,19.9474,17.1244,20.6126,18.9733,23.0551,22.0388,23.6741,17.8253,19.3854,21.7519,17.0053,17.5114,20.2871,22.6101,23.2543,21.9307,16.9568,16.73
2020-02-02,16.0241,21.9044,21.9693,21.6438,15.9145,18.3818,16.5813,23.9215,19.9933,17.9275,17.4997,18.506,21.089,15.46,18.7385,16.4679,20.3261,19.5246,23.2155,20.6282,22.0798,18.4963,18.3039,22.4824,18.3747,16.4896,19.9617,20.8089,22.5417,22.7805,17.337,16.4231
2020-02-03,14.8655,21.7354,22.2261,21.6209,16.2942,18.0432,17.3975,23.1884,20.7928,18.6016,16.9037,16.8925,20.5522,15.8089,19.5336,16.1344,20.4946,19.1207,21.8341,18.927,21.3721,19.1058,18.6871,21.9238,18.2295,16.9723,20.6841,20.078,21.1913,22.5859,17.2688,17.7323
2020-02-04,15.688,22.0178,20.7561,21.1351,14.9573,19.4918,17.224,23.5552,20.0163,17.1261,17.4066,17.45,21.1809,17.4312,18.551,15.8243,19.6509,19.8036,22.4059,21.0885,21.6725,20.2,20.3196,21.3536,17.3838,17.7532,20.4034,20.4642,20.0988,23.0376,16.0564,17.598
2020-02-05,16.4102,21.8411,20.1542,20.2952,16.7972,17.8628,16.9088,22.4642,20.8047,18.636,16.9152,18.1363,21.562,18.1291,18.3545,17.4606,17.8755,19.3506,20.7934,19.7782,20.3938,21.5113,19.4241,18.4473,18.5209,16.7727,22.4751,22.9638,19.3402,22.7208,16.2482,17.1098
2020-02-06,18.2979,22.4309,21.4843,20.704,18.0667,17.6737,16.1578,22.7246,20.9034,18.0957,17.4075,17.8206,20.7076,19.2484,17.7249,17.8109,18.8478,18.942,20.9704,18.9767,20.867,22.3473,19.4328,17.0692,19.6304,17.1485,23.4395,22.6836,20.0624,23.3744,16.3732,16.1575
2020-02-07,18.1869,22.23,20.3246,22.6787,17.7173,16.6077,16.4458,22.1173,21.4366,18.2375,18.3229,16.9474,19.5752,18.2594,16.6949,17.0213,18.9918,19.0207,20.4699,17.5169,20.2043,21.0332,18.2761,16.392,17.9765,16.212,23.9274,23.5504,19.2793,24.0388,15.7726,16.8208
2020-02-08,18.4211,23.4836,20.7199,22.1758,19.8201,17.1043,16.3936,22.3011,21.2881,19.3162,19.1346,15.4298,19.2606,18.8717,16.0651,18.1221,18.5932,19.7523,18.1302,16.8355,20.2851,21.589,19.6378,17.1859,17.5771,16.7622,23.4382,22.8073,18.8043,23.5172,17.1049,17.2572
2020-02-09,18.5999,24.6995,19.8526,22.0307,20.4812,19.6933,18.0883,23.0731,21.1987,18.2269,17.1617,15.9743,18.5606,18.6166,16.4335,16.9546,18.2126,19.0631,17.1005,18.3051,21.726,21.8617,17.512,18.1457,14.4707,17.0082,22.2138,22.514,19.716,23.6399,17.5013,18.3902
2020-02-10,19.3735,23.5519,19.3561,20.839,19.4838,20.5662,17.0886,21.6617,21.1968,18.3704,17.73,17.8447,19.0859,19.463,16.9506,15.7285,17.7918,19.6842,18.5984,19.8314,20.6314,22.5683,16.6172,20.1172,15.3296,17.3807,21.1961,21.2534,20.0681,22.8281,15.6675,20.5547
2020-02-11,19.4613,24.2113,19.4132,22.2206,19.253,20.0942,17.0436,22.3148,21.6342,18.7393,18.5577,17.1308,19.7622,19.8998,16.2133,16.6541,18.6118,19.8687,19.1903,18.0421,20.4018,20.7936,17.1695,19.9831,16.6275,18.1591,21.4707,20.9133,19.3977,20.3822,16.3625,20.9781
2020-02-12,20.0111,25.5522,19.753,23.4817,18.0588,19.1118,15.7228,22.3981,22.309,17.1577,19.1819,15.2585,18.5396,19.7374,15.1166,16.2922,18.782,20.4602,20.8352,16.6597,17.4648,21.0152,17.2618,22.637,16.6605,18.0263,20.6853,19.4275,18.8051,18.9834,16.8574,20.2354
2020-02-13,19.2577,23.3933,21.008,23.2347,17.5069,18.4233,17.0049,22.8979,19.972,16.8103,19.5409,14.7968,19.1427,19.1745,15.8405,17.5695,19.4542,19.6939,19.5044,16.9096,19.1523,21.2466,17.4988,21.5106,16.1472,17.1237,21.3972,18.209,19.6362,19.2825,17.1526,20.4674
2020-02-14,20.1558,20.969,18.5727,23.8201,16.3802,18.6684,17.6407,23.5764,20.027,18.395,18.6751,16.6889,18.7432,20.7155,16.3873,17.7841,18.8378,19.8928,20.3697,16.2448,20.2429,21.4541,18.2404,20.8145,16.4896,19.2173,22.6819,18.9385,19.8393,19.7094,17.3947,22.0873
2020-02-15,19.9114,23.855,18.6919,22.9736,16.196,19.8536,17.9704,24.3971,19.6764,19.1272,18.0981,17.1874,19.503,20.4841,15.8696,18.1242,18.6426,19.7444,22.3816,15.8245,18.6235,21.225,18.9774,20.8355,16.3753,17.8834,22.342,20.8271,20.3434,19.7295,16.9943,20.7012
2020-02-16,17.3443,24.6972,19.9134,24.4768,15.8263,19.9105,17.8928,24.0587,20.8464,18.1531,18.4134,17.2405,19.6203,16.9542,17.3315,17.4045,17.9506,18.4926,21.1107,17.0073,17.3097,20.0756,17.6751,21.1608,17.923,19.4903,21.5921,21.1955,20.3568,19.71,16.2899,20.3741
2020-02-17,16.8623,23.6962,21.1736,25.9996,18.2483,22.1346,19.3924,23.551,19.1651,19.1327,19.8189,16.9149,19.7823,17.7919,17.4673,17.3326,19.7442,18.6321,22.5888,17.2641,16.2576,20.1535,17.1073,21.2761,19.7586,18.7376,20.2979,20.0553,21.2452,19.3045,16.4557,19.6717
2020-02-18,17.485,23.8533,21.0451,25.5687,19.7096,23.3441,19.0738,22.4094,18.8917,20.2382,20.7645,19.6143,17.3747,18.0055,17.4751,16.2741,22.0683,17.8019,21.1965,17.548,16.3022,20.7457,17.5947,20.3158,19.1818,20.7584,20.5217,20.4288,19.2394,19.7773,17.0111,22.3312
2020-02-19,18.5457,22.0937,20.1547,24.1609,18.8865,22.2117,19.8361,21.3556,21.0607,21.152,20.2574,19.2947,17.7431,18.3661,16.2039,17.761,20.5301,18.9918,23.0371,18.619,16.9275,19.893,17.1399,22.6705,20.367,20.0478,18.2531,21.2439,18.2304,17.0932,17.9226,22.3045
2020-02-20,18.845,21.9505,19.665,24.2795,19.4976,22.3052,19.2428,18.0109,20.8453,22.3833,19.9791,19.521,17.6727,16.3494,15.4405,17.3962,21.5189,19.4936,21.8335,19.7594,16.3112,20.4899,16.8074,22.7528,21.1613,20.0824,17.5139,21.6126,18.0431,17.1232,18.5698,22.3021
2020-02-21,20.4467,21.8071,18.9135,23.7032,21.0152,22.0329,19.4406,17.6034,20.0909,22.5607,19.3314,17.9534,17.5414,15.8117,15.9585,17.4764,21.8252,20.7698,19.6221,18.2404,16.4405,19.5869,16.3408,22.1917,21.2746,19.7452,18.9081,19.9867,18.4519,15.7294,17.6175,19.6339
2020-02-22,21.9747,22.3752,17.5067,23.2889,21.4536,22.023,19.8027,18.1151,19.7344,22.2087,20.1078,17.5047,19.4512,15.4975,16.3936,16.1104,20.6087,21.2285,19.8929,18.0411,14.944,19.0722,15.5344,20.8466,21.4953,19.2672,18.5702,18.5227,19.5026,17.736,20.2468,18.7958
2020-02-23,20.8709,21.5549,18.258,22.6932,20.8516,20.7535,20.3533,17.248,18.7264,22.6136,19.0023,16.4075,18.7979,15.6868,17.5201,17.9416,19.8338,22.6146,20.5967,17.7007,15.1765,18.89,16.9126,20.175,22.6308,20.4162,18.3019,18.7295,19.0814,16.2007,20.5115,22.1241
2020-02-24,20.853,21.5129,17.0315,21.5541,18.9109,21.1593,20.7858,19.0065,19.1913,23.2858,18.2314,16.7814,18.7916,18.4942,18.1557,17.3412,20.1137,23.1854,20.2773,19.1361,16.1473,17.7385,18.2082,21.5637,21.7666,21.2695,19.1229,19.7933,19.9406,17.6149,19.0248,22.2468
2020-02-25,22.4357,20.4948,16.4391,22.1973,20.3138,19.9471,20.3294,19.7235,18.0908,21.9188,18.479,16.703,18.6915,19.1394,17.6422,17.7084,19.7754,22.0054,19.6754,17.6729,15.2498,19.0304,18.0901,22.4724,22.1254,19.6786,19.5698,20.8048,18.4313,16.4917,18.6459,22.4844
2020-02-26,22.5322,20.1144,17.9187,22.3082,21.0672,19.318,21.4357,18.3069,17.7111,22.6852,20.1632,18.6489,18.3435,18.3345,18.3834,16.708,19.5734,20.5632,17.8413,17.3119,15.2716,21.524,18.9598,22.6114,22.1436,20.533,18.9136,19.9714,17.6718,17.2722,18.6363,22.2314
2020-02-27,21.2458,21.7553,17.6881,21.4341,19.4276,19.6904,23.0334,19.587,17.5576,21.1687,20.1062,18.0411,19.9982,17.6859,21.7629,17.4178,18.6848,20.0469,18.6664,17.3674,16.022,22.0927,18.9818,22.4428,23.5192,20.6635,18.2715,19.9914,16.7949,16.1459,16.9446,22.172
2020-02-28,19.3986,21.2675,18.506,21.5084,19.3583,20.193,24.0734,19.7972,19.6808,21.2614,20.2272,17.1442,18.3761,17.9329,22.5832,16.9938,18.1229,18.6662,17.9506,16.3596,16.8794,20.1623,19.0411,21.0338,25.4688,22.0082,18.8605,19.1384,15.3289,17.6679,19.1093,22.6717
2020-02-29,19.3641,20.6868,18.4466,20.9547,19.2221,20.9604,23.5959,18.9853,20.2343,20.9493,20.469,16.9436,18.3738,16.9645,21.7362,16.7827,19.3121,19.3662,17.3522,17.5731,16.5693,20.0538,21.7849,20.1959,25.1858,21.4119,19.6838,19.5293,17.3709,17.8471,18.4217,21.2867
2020-03-01,18.6121,21.5725,17.06,19.8723,19.6519,20.8041,24.5951,20.0333,20.0038,22.2306,20.1197,16.1848,18.2019,18.8499,22.1899,18.5995,19.1639,21.1713,19.6753,18.8446,17.3273,21.0828,18.4535,19.2344,24.5625,20.653,16.6438,18.3075,16.6755,16.217,16.9133,20.3704
2020-03-02,20.0278,22.3544,18.7618,19.9996,21.643,21.8159,23.5027,18.3061,21.0806,21.2988,20.7119,20.0522,20.1458,19.6464,22.9384,19.0849,18.8862,20.4534,19.6341,19.2248,18.4729,21.4352,17.9337,19.9104,22.7323,21.1001,17.872,18.6997,16.9088,16.3254,17.91,21.0711
2020-03-03,18.92,23.0446,20.1547,19.6521,21.9808,20.2197,24.5101,19.9863,19.6042,23.0149,20.4135,19.9634,19.0448,20.5684,23.4214,19.567,18.0074,20.1133,20.998,19.9784,20.6572,20.9525,18.6347,21.0589,22.4011,21.0714,18.5306,18.3874,16.0837,17.2067,19.0552,20.1334
2020-03-04,20.7021,23.2757,20.5338,18.5756,22.3935,19.8184,24.7357,18.9775,19.2988,23.7255,21.7541,21.1798,19.2057,18.9517,21.7826,20.2804,19.0721,21.5573,22.6133,19.7316,20.2525,20.8736,16.9573,21.6965,21.7446,21.1938,20.4269,18.4765,16.4582,18.2695,19.4135,21.5895
2020-03-05,21.2372,22.8411,20.3245,18.7002,21.4402,18.2928,25.4332,20.0709,18.7514,24.144,21.1686,19.5147,18.4842,19.6488,21.2414,20.9187,17.6498,20.7065,20.0534,20.0061,18.8601,19.4497,17.8858,22.3713,20.2575,19.6032,19.8243,20.0605,17.2224,17.3205,19.0186,21.697
2020-03-06,21.1778,22.7059,20.8208,18.8121,21.3599,19.8838,26.6193,20.111,17.682,23.985,20.7703,19.6068,18.1924,20.6641,20.408,21.8138,17.8421,20.0757,21.079,19.62,19.257,18.5456,19.2973,22.44,20.61,19.5179,20.024,20.6223,15.2666,17.9557,18.6407,22.9375
2020-03-07,20.2342,22.8813,20.3584,18.9914,19.1229,20.2427,27.7193,19.0355,16.4553,24.8833,20.6377,18.8854,18.7088,21.1783,20.624,21.5246,19.0699,18.803,20.9166,19.4421,18.3924,20.8762,17.9304,21.2066,23.2061,20.5805,20.3087,20.5469,16.2967,16.9795,19.0842,22.1334
2020-03-08,21.3384,22.1448,20.4557,18.5036,19.694,21.0053,24.4606,19.2867,17.6102,26.1704,21.1284,19.3858,19.6756,20.347,19.3949,22.3156,19.818,19.0338,22.4005,18.4637,17.8803,21.1982,17.8107,19.0962,23.3748,18.6928,20.7409,19.8124,16.9063,17.6772,20.3424,23.1303
2020-03-09,20.7009,21.1997,20.6021,18.6185,19.5385,19.8271,23.5966,17.46,18.4456,26.0133,22.1707,19.7038,19.7339,22.1463,18.9224,21.2531,20.6641,18.1065,22.4751,17.9363,16.7423,20.9176,16.5615,19.4153,24.9964,16.4731,20.1533,21.5776,17.9547,17.1253,20.7016,24.4094
2020-03-10,18.8986,22.1929,20.1003,18.7778,18.5038,18.0152,22.9449,17.7273,17.3122,25.5049,22.514,21.3349,20.4259,23.0624,18.4143,21.5346,21.5157,16.0986,23.6781,16.7691,14.7381,20.7447,16.7243,19.5533,24.8223,17.5571,19.4141,21.8714,17.8226,18.2921,20.8729,21.4191
2020-03-11,21.0856,21.1828,18.8708,18.3086,18.4404,19.3369,21.3286,20.294,16.9433,26.156,21.281,21.4957,20.6005,23.3449,19.674,20.1932,22.711,18.4226,23.298,18.4232,15.7069,21.0985,17.3982,19.1434,23.9772,18.5264,19.3135,20.5968,17.3577,17.7327,20.3194,20.725
2020-03-12,20.4153,22.0999,17.5856,20.2716,19.4966,18.7995,21.38,20.1853,14.6568,26.272,21.0521,20.0797,21.5083,21.3114,18.6377,19.8935,21.9857,18.4533,22.9583,18.0848,16.0761,21.6771,18.181,19.6671,24.512,19.4256,20.1577,19.2525,17.5048,17.4608,19.9644,20.7429
2020-03-13,21.3337,20.9346,19.371,18.5739,19.1885,18.2122,20.4071,20.2521,15.7495,24.9451,21.5701,20.2956,20.6138,20.3206,20.1473,19.7316,22.0653,17.0745,20.606,17.9538,14.8479,21.0916,16.8747,18.755,24.192,20.3311,20.5745,19.3028,16.2196,19.1407,19.575,21.3194
2020-03-14,21.7874,20.7614,19.7756,18.8395,19.9912,18.8972,20.0553,19.7821,17.0767,24.492,21.1691,19.755,20.0652,20.4452,20.6599,20.4774,20.5524,17.4675,19.623,19.1352,16.1984,21.6476,16.6953,18.2745,23.6005,19.7905,20.5635,19.0376,16.6263,20.2017,19.3257,20.7391
2020-03-15,21.7592,19.7386,19.7166,19.5855,19.346,18.1368,19.0987,20.3658,16.0921,22.9673,20.7408,20.0126,21.756,20.9119,22.991,20.7021,18.9448,17.7209,18.7615,21.1405,15.6367,22.1955,15.6924,17.5731,24.565,19.6508,20.064,19.4851,17.475,20.9343,20.9664,20.3804
2020-03-16,19.1755,18.7893,18.2306,21.2527,19.5459,18.5462,19.231,21.2264,16.9927,21.3555,20.335,21.5116,21.1213,21.4992,21.5604,19.516,20.4618,18.0711,18.6518,20.1928,13.7731,21.6256,15.5386,18.2799,24.2754,18.1808,19.1562,18.5763,18.9988,22.4107,22.4483,21.641
2020-03-17,17.9833,19.32,17.7041,20.5444,18.8826,19.0089,19.3298,22.7572,16.9083,22.2247,20.5194,20.8926,22.4339,19.9799,19.4035,19.8572,20.5396,17.279,18.6097,20.7111,16.2843,20.6514,14.4664,18.1121,24.0548,16.9791,18.433,18.2725,18.656,23.309,22.1914,21.182
2020-03-18,18.9726,17.3874,18.1074,20.3349,19.0072,17.5883,20.5437,22.9721,15.7334,20.8316,22.3234,20.4505,22.6064,20.0877,18.9372,19.8022,20.9758,18.4352,17.9433,21.5909,16.5983,20.5431,15.8728,19.362,24.1491,16.4866,19.217,17.4047,18.9385,21.6157,23.5733,21.7515
2020-03-19,17.842,17.9993,16.7652,20.212,19.2424,15.7453,21.2224,23.1194,16.1499,18.8534,20.5467,20.1135,23.7228,20.4149,18.723,20.5183,19.4634,17.8504,18.4653,20.9504,17.1936,21.1591,16.2418,19.1608,23.3574,17.4212,18.9578,16.8434,18.4889,20.8145,22.91,20.3979
2020-03-20,16.8182,17.0999,17.0896,19.9366,19.7179,16.4158,21.0238,22.8543,16.4058,17.8829,20.5027,22.2438,24.9219,19.1352,18.7835,20.8961,18.6436,16.4789,17.2647,18.422,18.4259,21.5419,17.3647,20.6216,22.125,17.1116,20.32,19.3395,18.7045,20.5217,22.863,20.9752
2020-03-21,16.0259,18.1344,17.6255,20.6051,17.8518,16.9459,21.9364,24.8831,16.9537,17.8495,19.9547,21.0325,23.8424,18.7546,19.4139,20.5427,19.8748,17.3561,18.8917,18.0929,19.0117,21.9508,19.3579,22.1284,23.1958,16.2624,20.3021,19.8012,18.7553,18.9547,21.1896,21.2527
2020-03-22,16.6334,17.3587,18.0917,21.1967,17.3965,16.4912,22.0341,25.4853,16.5184,17.555,20.1374,20.601,24.2902,18.2929,19.0704,19.496,21.001,18.2588,19.2114,17.8856,19.3696,21.8813,19.5611,22.6369,22.7617,17.3558,18.8878,19.9562,18.2048,21.0196,19.5614,19.3478
2020-03-23,17.4359,16.7307,18.2238,23.1027,17.7668,16.9672,21.7236,24.8003,17.6182,17.6497,19.5364,19.9211,24.0017,19.151,20.8922,19.3566,20.4626,16.8197,18.1215,17.823,19.2094,20.9502,19.9999,21.7526,20.8015,16.6374,20.9497,18.2362,19.3551,21.59,20.675,18.7439
2020-03-24,16.8146,15.3394,17.928,23.7599,18.3433,15.1087,19.7466,23.6156,18.1401,17.3153,20.3077,18.1874,21.6398,18.7838,20.3031,19.5401,20.2485,16.1409,17.7766,16.6036,18.4033,23.1189,19.7365,22.5292,20.2336,15.6719,21.5302,20.5888,20.1921,20.3614,20.5663,20.3776
2020-03-25,16.3029,16.0169,18.3971,25.4993,16.7554,14.8185,20.1455,23.9393,18.2045,19.4714,18.7015,17.3738,21.7018,18.8263,20.7557,21.3356,20.7278,16.7179,18.4959,16.4793,18.618,23.4063,20.248,24.9862,20.1794,15.9738,20.5106,19.7148,19.6412,20.6862,19.9179,19.5104
2020-03-26,16.2769,16.6209,19.04,22.2571,16.6016,12.8912,19.6209,23.9118,18.6101,19.8327,18.5605,16.0972,22.7318,19.7668,22.0156,20.2535,20.864,16.8398,19.162,15.5007,20.3032,24.7469,19.8703,24.9223,20.0794,17.6013,21.1656,20.5033,19.7284,20.1396,19.317,19.9729
2020-03-27,18.3364,17.8417,17.4457,22.8128,16.0298,12.9277,18.1342,24.055,19.1175,19.1675,19.5326,18.1926,22.479,19.523,23.1332,19.8447,20.7453,16.733,19.0938,17.607,20.6544,23.1394,19.1115,23.9813,20.5494,15.0284,20.5094,19.463,20.2577,20.7131,18.9188,20.0817
2020-03-28,19.6694,16.9973,16.3227,24.4043,16.8066,12.4141,18.4895,24.0029,18.7025,19.5071,20.017,18.8866,21.354,21.6606,23.9274,19.5868,21.61,17.5708,20.6149,17.5759,20.7219,21.925,19.3382,24.2956,21.0192,16.2392,21.1112,19.2677,20.8568,21.2839,17.5936,20.8267
2020-03-29,20.2845,17.9554,16.151,24.3998,16.251,15.7466,17.9547,22.0808,18.3336,20.3083,18.2512,19.5963,20.1457,20.9565,22.0037,20.6304,21.279,18.9532,18.884,17.5567,19.9264,21.9948,18.366,25.0796,21.8435,15.9404,21.3337,17.7723,20.8241,23.7715,15.8083,18.7749
2020-03-30,18.5038,19.1029,17.2836,24.1505,17.3045,16.47,17.7203,20.4919,18.5164,19.379,17.6855,18.4261,20.139,20.9244,22.1905,21.0584,21.1782,18.4862,19.4798,15.8563,20.6488,22.2307,17.8629,25.5151,20.5968,15.9796,20.928,18.2606,20.9176,24.4079,15.6533,19.6192
2020-03-31,18.5019,18.7481,18.1922,22.8095,17.9363,17.2368,17.6997,18.8283,18.6523,19.1032,17.2052,18.8771,18.9765,20.5992,22.4236,22.8591,20.0122,17.4755,21.765,16.6751,22.2203,23.689,18.6366,22.9142,20.8832,14.9071,19.6721,18.8855,21.2361,24.7493,17.4985,19.4598
2020-04-01,18.913,16.0739,18.7392,20.9919,19.2266,17.968,18.042,18.192,18.859,21.7616,17.576,18.887,18.7112,20.3743,21.5713,23.5945,17.9053,18.3078,19.5592,16.4827,20.3088,23.3525,19.2665,23.0415,21.5139,14.7838,19.9951,19.4003,22.2274,24.9425,18.1461,20.5295
2020-04-02,19.4932,15.6053,18.1189,22.1709,19.9777,16.7683,19.5895,19.8458,19.497,23.0586,16.6156,18.8084,18.696,21.1568,21.0714,23.1632,17.3852,19.197,18.6999,14.9764,19.8388,23.0073,20.0099,21.8502,19.882,15.2059,19.7888,18.3295,22.9062,22.6656,15.7542,19.9044
2020-04-03,19.16,15.4159,18.8265,20.3089,18.2042,16.7184,19.4284,20.5794,20.6009,22.7132,16.9439,18.7044,20.3051,19.4439,19.0668,23.2182,17.2319,18.3109,17.878,15.9559,19.5274,23.0516,19.0841,21.129,20.627,15.1783,18.5955,18.3227,21.1491,22.0694,16.6789,21.1536
2020-04-04,18.2671,16.1998,16.5399,20.9569,17.9444,17.8585,20.0038,20.7809,18.869,21.9194,16.9064,18.751,20.9426,19.7595,20.2252,23.6392,18.7441,18.0536,16.6764,16.8836,19.715,22.2472,18.7673,20.8313,20.6319,15.6534,19.4663,18.6362,19.8628,20.9275,15.7374,22.4775
2020-04-05,15.9452,16.861,18.1221,20.7702,16.1982,15.1422,20.5461,21.016,20.1638,21.1743,17.0019,19.0081,21.1945,20.5672,18.9368,22.0888,20.3066,17.6553,16.1528,17.2592,20.6263,21.8213,19.0827,20.8434,19.0323,15.688,19.2736,17.7518,20.874,20.5814,16.8309,22.7558
2020-04-06,16.2488,16.504,17.7014,22.1519,14.6576,15.0174,21.1852,20.5895,21.0815,21.1767,17.4773,19.1821,20.922,21.8701,18.6503,21.1236,22.0457,17.1436,15.6708,17.6016,20.4276,23.0257,19.2742,21.3771,20.2414,16.4473,18.9184,18.0145,20.3052,18.7232,17.0147,20.8451
2020-04-07,16.7252,16.8963,18.2298,20.7362,15.8771,16.0931,19.965,21.7256,21.6979,19.8469,17.9799,18.3092,20.522,20.6152,18.7193,19.8237,21.332,16.5556,16.618,17.8503,19.4803,24.2714,19.4291,22.0516,19.9822,16.4291,19.8911,19.2394,19.5956,18.9866,17.1236,22.8222
2020-04-08,16.3083,17.0498,19.3746,19.3727,17.2014,16.6632,17.5466,22.4485,20.5689,18.6148,17.747,18.9435,22.0677,22.0437,18.5012,20.324,20.5021,17.3052,16.2394,17.4895,20.9773,25.1835,19.6472,20.7682,20.5939,18.1789,19.3991,20.5919,19.806,17.5965,16.8881,21.2038
2020-04-09,16.4861,17.462,18.7904,18.5575,19.3731,16.087,17.5872,21.7426,19.4779,19.3909,19.963,19.3391,21.1813,22.5217,18.4525,19.7872,20.8408,17.4632,16.9629,17.8555,20.3616,24.4251,20.5282,20.1701,20.4496,19.3415,19.492,22.1294,20.5145,17.1096,15.3774,21.1123
2020-04-10,17.0366,17.6911,18.9458,17.0849,20.5471,17.1489,18.7677,22.2738,19.9168,20.371,18.7015,19.2322,20.7741,21.9116,18.4323,19.3581,19.4068,17.622,16.4623,17.2017,19.144,22.6919,19.2319,20.2865,21.1638,19.8182,18.8764,20.5176,22.4856,18.8099,16.0011,22.016
2020-04-11,17.0651,16.832,20.1634,18.132,20.4963,15.0268,17.1618,22.703,19.8155,21.6885,19.208,21.3086,20.7717,22.8193,19.9738,19.6326,19.4393,18.6947,19.429,16.0742,20.8979,23.2364,18.3514,19.83,22.4111,20.2782,17.2654,19.8024,22.8699,17.8206,15.8648,21.3805
2020-04-12,17.2602,17.2319,20.1679,17.0599,21.4516,16.3375,18.2321,20.6953,19.2452,18.9846,19.4245,21.9417,20.7069,21.183,18.1561,21.2212,19.957,19.6473,21.0439,15.9724,20.2161,23.8329,19.4868,20.601,21.8499,20.2212,16.7368,20.828,21.2424,16.2891,16.6516,23.3805
2020-04-13,17.3364,16.1426,21.3698,18.6441,20.6616,14.8554,17.4582,21.7502,21.075,16.9363,20.918,20.7795,20.776,20.9652,17.7281,21.329,20.403,19.1157,21.1239,16.5813,18.5004,21.8419,22.3844,21.2219,22.7054,19.7684,16.3519,21.0427,20.2702,15.5194,17.6725,22.3989
2020-04-14,17.8952,16.6038,21.3437,19.3523,20.7115,15.6926,17.2539,22.0788,21.2896,14.9953,20.5936,22.1596,20.7387,20.5351,16.855,21.4922,19.6233,19.0546,22.7083,17.5301,18.6605,23.2112,21.3433,20.8918,22.106,19.674,15.3918,21.0197,22.0377,16.2981,17.3113,21.3661
2020-04-15,17.7023,18.9595,20.5573,19.3033,20.1917,16.9292,19.1938,20.6849,19.5282,15.6472,19.9123,20.1489,19.3078,21.7375,17.3622,19.3531,19.8404,18.7015,23.6618,16.8916,20.5308,23.7215,21.881,21.353,22.0196,19.7253,15.299,19.9025,22.6081,18.0627,16.6174,23.156
2020-04-16,17.8388,19.7448,19.5276,19.9718,22.1283,16.0088,19.5276,20.8945,18.8454,15.7614,20.244,20.2846,18.9782,21.9438,19.1352,18.3832,20.4999,17.6613,23.6037,17.2295,20.9749,22.2837,20.8194,22.0883,19.5918,18.9887,14.4205,19.5806,22.4113,16.712,15.3562,22.3271
2020-04-17,16.454,19.9007,19.1354,18.9626,20.9523,16.4072,17.4713,20.9371,18.1576,18.8771,21.4305,20.7058,19.3418,21.69,20.3047,17.3698,19.0782,18.2471,24.3734,16.1445,18.8204,21.8879,20.2405,23.6187,19.6204,19.5414,16.2115,20.6926,21.1505,17.2924,16.5301,23.0425
2020-04-18,18.0938,20.9303,19.698,19.9703,21.4081,16.9534,17.2098,20.171,17.9739,19.3103,19.2548,20.434,20.3771,22.5109,19.6436,15.8312,18.0774,17.9458,24.9457,15.5435,18.3438,21.7416,21.3788,23.464,19.7135,17.4887,16.7183,21.8319,19.233,16.4702,17.7284,24.2524
2020-04-19,18.5641,20.0964,20.0486,20.3941,24.0941,19.2112,18.6637,18.0893,18.6899,18.5866,19.2993,20.1342,19.5413,20.9957,18.3575,16.3003,19.7812,20.6712,25.8068,16.5241,18.044,21.5885,20.8271,21.4631,17.7799,17.8024,17.559,20.9046,19.9851,16.0033,18.2661,23.9495
2020-04-20,18.5927,17.8172,21.4478,20.7033,23.4252,20.6014,19.7184,16.6061,19.696,18.4099,20.1379,19.8256,19.3347,20.8027,17.1345,15.7114,19.2385,21.8326,25.2615,18.7202,18.8085,20.5251,20.4904,22.2425,17.1686,18.1437,17.0786,19.8791,18.9853,15.9714,18.907,22.9992
2020-04-21,17.6874,17.6727,21.2204,20.9325,23.0811,21.4845,19.7678,16.585,19.4789,17.7384,19.7362,18.7578,17.7865,22.7473,16.7765,17.0076,21.1331,22.4949,22.9018,19.6795,20.7879,20.0672,21.744,21.877,15.286,15.743,19.2883,19.5379,18.4426,15.9088,20.4401,24.1907
2020-04-22,17.9654,18.4956,21.4705,22.5532,22.3707,21.9863,21.3,14.9141,19.9064,18.3959,18.6062,17.8042,19.249,22.1269,16.9395,16.7502,21.0815,22.5575,22.6337,19.8433,19.4392,19.1268,22.5415,20.4133,17.4696,16.9993,17.7342,20.5072,19.0226,17.9761,20.8331,22.4233
2020-04-23,17.5871,18.226,19.1474,22.9711,23.1714,19.7379,22.9698,13.8286,19.1815,17.9849,19.8272,20.7521,19.6645,21.9481,18.4101,17.0682,21.0296,21.8105,21.4801,21.159,18.9315,18.598,23.6998,21.1396,18.5484,16.3162,16.8751,20.8443,20.1004,17.6679,21.7614,21.8749
2020-04-24,18.3007,19.3969,17.2838,21.2856,22.2255,20.6651,22.4527,11.9715,20.0259,17.3237,16.7133,20.0889,20.1751,22.5635,17.59,15.7681,19.4352,20.1538,21.6555,20.7069,18.5051,18.5485,24.6285,21.0597,18.8517,17.4485,17.0027,19.6603,20.4864,16.0463,21.7617,20.9542
2020-04-25,16.383,18.8815,19.4121,21.1676,21.5682,19.0052,22.8355,12.5083,19.4457,17.2707,16.953,19.6107,20.9491,22.7952,18.6968,17.6233,17.9393,18.8743,21.5016,21.9154,19.1433,20.169,24.3948,20.7725,20.1627,17.62,14.8949,19.6849,21.3991,19.2065,21.6694,21.7168
2020-04-26,16.6835,19.1842,21.0876,19.454,21.2614,19.3066,21.2875,12.6142,19.9394,18.5014,17.5731,20.4634,18.4591,21.8777,19.6657,18.365,18.8572,17.1263,22.7564,20.9242,17.7963,20.5206,24.8487,19.7171,21.1695,17.8451,16.0701,20.0914,19.8306,20.4048,21.1624,22.3777
2020-04-27,16.7634,21.3141,19.3625,19.0239,20.3671,19.3047,20.264,14.6497,19.7748,18.7715,16.9803,21.1602,20.6211,22.456,19.9783,17.2671,19.223,17.2316,22.5721,19.6135,19.228,20.8872,22.5177,21.8206,21.3484,19.391,14.3614,20.8041,21.6107,20.1926,20.625,22.0035
2020-04-28,17.2973,19.6607,19.2533,20.351,20.0059,18.7478,19.5946,16.9698,20.8229,18.4098,16.036,21.737,20.4143,21.0166,21.2537,19.6623,20.9973,18.6335,22.7664,19.1912,18.6981,20.6538,21.3388,22.2863,19.5834,20.5187,14.8711,20.4628,21.7031,21.2951,20.2948,23.746
2020-04-29,15.4906,18.2214,19.6491,19.2693,21.4153,19.0135,18.9468,17.5035,22.0736,17.4161,16.9921,21.6475,20.4609,22.4065,20.9386,19.4297,21.5073,18.0765,21.9366,20.9786,18.8349,21.1099,22.6136,21.5011,20.2379,20.5392,15.7319,20.8932,22.289,21.4627,19.6108,23.2974
2020-04-30,16.0793,18.7855,20.5092,19.915,21.348,19.5688,19.7139,17.7659,20.9725,16.5836,18.5786,22.3765,19.4355,22.5615,20.0063,20.0105,20.8844,18.3867,21.1519,21.2379,19.5757,19.3382,23.2372,22.6372,19.8924,20.684,16.0698,19.8803,23.807,21.408,19.9046,23.7356
2020-05-01,16.7485,20.2968,21.0171,20.6827,20.4304,19.3673,20.9053,18.6866,21.4096,16.9196,18.2995,22.9472,20.0943,24.0325,20.6552,21.1112,20.2632,18.9451,20.6945,23.0237,19.7281,19.8471,21.541,21.6302,20.3084,20.6206,17.1218,20.7767,24.1463,20.3851,22.1502,21.5533
2020-05-02,15.8609,19.7767,19.5075,21.4549,18.4282,18.5127,21.3142,17.7479,23.2851,17.1871,17.7603,23.4246,18.9842,23.3043,19.0228,21.2557,20.237,19.2267,20.981,20.9471,17.7238,18.4866,22.5251,21.7649,19.1691,20.4789,17.4559,21.314,23.6604,20.988,22.5329,20.3348
2020-05-03,18.562,19.2899,19.7894,20.2304,16.2452,19.0643,21.1205,16.6416,23.2791,18.5541,17.4943,23.5347,18.0065,23.4176,19.909,21.5321,18.9256,18.7588,20.5868,19.8475,17.6845,18.407,21.9555,21.7369,21.2293,19.6138,16.1554,22.3739,23.7148,19.5385,22.0377,18.6489
2020-05-04,19.1806,19.628,20.1108,22.2784,17.5236,19.7871,18.6172,17.3237,22.5098,19.0028,18.9265,24.2358,17.6759,21.4631,20.0392,21.2531,18.3849,20.5919,20.8999,20.3186,17.2007,19.099,21.2837,21.7539,21.7377,20.2324,17.4818,23.2805,24.2937,18.6016,22.2172,19.2209
2020-05-05,19.0112,20.9244,19.2145,21.8811,18.2507,20.1675,18.0823,17.2257,23.1662,18.147,20.2212,22.6784,16.3394,20.9595,19.9864,21.709,19.7196,21.1898,21.4675,22.1743,18.0416,17.9684,19.654,21.0212,20.1082,20.1503,17.0441,22.3608,24.595,18.7976,20.52,19.1156
2020-05-06,19.1766,21.4473,18.5796,21.6082,18.4067,19.9528,18.9475,18.2847,23.7487,18.8721,21.1012,21.4386,16.5322,20.9697,20.9217,21.381,18.3386,20.0996,20.9372,22.3786,17.6324,16.3645,20.229,21.6952,20.6183,18.8499,16.929,21.921,22.5822,19.2242,18.9033,18.0857
2020-05-07,17.9242,21.6697,17.4731,19.4759,18.2751,19.9938,20.4231,19.0899,22.9025,18.8205,18.9385,21.2695,16.2731,19.6706,20.9372,21.5424,19.9911,17.3526,19.5159,20.7255,18.4411,15.7337,19.7047,21.6572,21.1819,19.3154,16.3035,20.7492,23.8541,19.8153,19.2071,19.2626
2020-05-08,16.6081,21.2745,17.6359,19.8008,18.106,19.5443,21.1446,19.9773,22.3602,20.2017,18.2961,20.9599,14.5327,19.8376,20.6527,19.4725,18.4432,17.5876,20.6373,18.9895,17.9646,15.1762,19.8179,21.3553,21.8206,20.4265,16.8452,21.3169,22.1231,19.7144,18.8773,19.4745
2020-05-09,17.2353,22.181,16.4314,19.4991,18.7008,19.5543,21.6993,21.6366,22.1936,18.3253,16.7014,21.5991,13.5758,19.9028,22.2748,18.8737,18.4875,18.1925,21.0562,20.0643,17.5909,16.4415,19.4167,22.3,19.7669,19.7235,17.5658,20.8772,22.3988,19.6976,18.2732,20.5033
2020-05-10,16.5895,19.5211,16.2972,20.0762,17.7444,19.411,21.7991,20.1985,20.5692,17.2397,17.5643,22.1428,13.1057,20.5943,20.7331,18.9375,18.2043,18.9835,19.9168,20.1802,19.2445,16.6856,18.4144,21.1867,18.7533,21.3439,17.191,20.8674,22.1242,18.9903,18.1425,20.6514
2020-05-11,17.7164,19.5179,17.2621,19.1746,18.4927,19.5562,21.2239,19.1894,18.9206,19.4736,17.724,20.8792,14.0432,20.5838,20.0207,19.142,19.1385,19.4257,21.3952,22.4611,16.895,16.0377,18.1208,22.0223,19.415,19.7053,18.9754,20.8729,21.2151,18.1157,17.6323,19.351
2020-05-12,18.384,19.7227,18.1788,18.8955,17.7714,18.9296,20.5281,19.4858,19.15,18.573,17.5987,21.1757,14.9263,20.0931,19.806,18.1763,19.8019,20.181,21.3379,19.929,17.7187,17.6815,17.3855,20.7305,19.486,19.1053,20.0834,20.9331,20.6791,16.471,17.8607,19.2511
2020-05-13,18.8533,19.8053,17.4619,20.2343,17.5439,18.6884,20.1236,19.8213,20.0723,19.3007,16.3995,21.3054,13.38,19.3394,19.2268,18.0024,18.7783,21.9283,23.0897,19.2396,17.3488,17.9212,18.7112,23.0311,19.2186,18.3815,20.765,21.3071,22.3601,16.3784,18.3324,18.3449
2020-05-14,19.0527,20.5804,18.2526,21.9854,17.3251,18.9383,20.4025,20.2005,18.9992,21.3796,15.1798,20.1978,16.4999,18.8777,19.983,18.1495,20.1877,22.184,23.04,19.1422,18.6159,17.9876,19.4516,23.6613,18.8825,18.1506,20.2388,21.1886,21.7815,16.8935,18.6939,18.8833
2020-05-15,18.8535,20.4309,18.2288,21.2669,18.1333,19.6271,20.9978,19.0747,17.8549,21.9108,14.0984,19.6065,16.393,17.2924,19.0492,18.5127,19.3015,20.8487,23.4197,18.812,20.1238,17.7001,20.0125,22.8654,17.8483,17.2376,20.387,22.7867,22.4843,17.5881,19.4807,17.5955
2020-05-16,16.8375,20.678,18.3654,21.2128,19.3725,20.7847,22.0858,19.0096,18.3632,23.5489,16.1386,18.7367,15.5767,16.8799,19.7693,17.5762,19.614,21.0334,23.2223,19.3527,19.9652,17.6759,20.0269,23.3604,17.6328,19.2772,22.0724,20.495,22.3372,19.0084,20.1505,15.6892
2020-05-17,16.3832,20.9031,19.1904,21.4326,18.9895,21.405,19.8837,19.0748,17.8477,21.86,17.1645,19.8251,15.7272,17.828,20.9209,16.5928,20.2357,20.569,21.4252,18.4219,21.1625,15.5411,18.4128,22.6006,18.7162,17.2326,21.8602,21.4886,20.7365,18.3607,21.3144,14.5071
2020-05-18,17.2991,20.0588,18.0026,19.5137,18.1313,21.9553,19.7815,18.7926,17.8347,21.5654,17.9771,19.7377,14.6208,17.9568,19.4417,17.3123,20.4631,19.748,23.0567,19.2945,20.5981,14.1982,18.2416,22.6885,18.7977,17.1215,21.4595,20.7536,20.1543,17.8,20.4625,14.4862
2020-05-19,18.0825,19.7904,19.8368,18.9444,18.3205,21.7804,21.3658,19.1805,18.9143,20.8215,16.7311,20.3708,14.3414,17.476,18.64,16.3683,20.7302,19.8084,23.1971,18.2858,20.3386,14.6799,20.0415,21.3033,17.4861,17.3887,20.5273,20.7022,21.2483,18.8351,20.6398,17.24
2020-05-20,17.1257,19.8151,19.7926,18.4127,19.4242,22.3379,20.3712,20.5322,17.7834,18.8944,16.9845,21.4305,13.3271,17.81,18.3961,17.6894,20.2965,20.691,24.6831,19.3772,19.9343,14.2998,18.3301,20.8124,16.9841,16.4331,21.0162,21.8274,21.3554,20.1309,20.2716,15.6378
2020-05-21,18.3604,18.8237,17.8371,20.7663,19.823,21.2383,20.5402,19.0411,18.0483,20.0516,17.0243,21.3157,13.1085,17.9731,18.9215,17.5319,21.8377,20.2176,22.5311,20.0823,19.24,12.477,18.9106,19.7239,18.6941,16.763,20.1683,21.7037,21.644,18.6091,20.4132,15.3815
2020-05-22,18.0524,19.9517,17.7585,20.5918,18.5822,20.5534,19.7301,18.3852,18.0867,21.3219,15.1639,21.48,12.8784,18.0868,17.6553,16.1703,19.7213,20.3624,21.9092,20.5685,18.6444,11.9574,21.328,20.4163,19.2456,16.7622,20.2314,22.3782,21.3702,18.6205,21.8702,16.176
2020-05-23,20.0953,20.6968,17.9044,22.7099,18.9494,21.2804,20.325,19.2905,17.3306,22.1716,16.4188,21.6179,12.9361,15.3832,18.6992,15.2938,20.6517,20.8214,21.4681,20.2327,18.4854,13.5169,20.8108,18.409,19.6889,16.9053,20.8381,21.6684,20.0194,18.4046,22.656,15.9201
2020-05-24,21.2916,18.963,18.0209,22.4317,19.7061,22.6625,20.4072,19.3448,17.5307,21.7123,17.1774,21.198,12.6527,16.2524,20.1903,14.7156,20.4485,22.1172,21.0175,19.9616,19.2278,15.7582,20.3837,17.4525,19.0266,16.2695,20.7428,22.1609,20.8886,19.9746,22.3482,15.9166
2020-05-25,20.3081,19.4033,18.0002,22.9607,20.4537,20.3322,19.7313,18.2194,17.6386,20.9677,18.2988,23.3106,12.1417,17.6502,20.518,14.8461,21.4363,20.8848,21.6617,20.521,19.7372,13.1161,21.2543,16.3136,18.8648,16.9706,19.7688,21.342,20.3551,19.4262,21.2371,16.713
2020-05-26,20.9321,18.4731,17.6423,23.69,19.4435,19.6453,20.573,20.2446,17.5423,20.5432,16.6788,22.5151,12.6455,17.474,20.0721,18.1345,20.8987,20.8204,21.9223,21.4438,19.1977,12.2971,20.5685,16.7547,20.133,16.2987,20.1327,20.5073,21.9478,20.5627,20.9696,18.3601
2020-05-27,19.5041,20.6125,18.4989,23.4066,19.8372,20.4658,20.867,19.0656,17.1606,20.7428,15.613,21.829,12.8615,17.4348,20.4089,19.5576,21.9116,21.1739,22.3413,20.308,18.4192,13.5324,21.9121,15.8551,20.1914,17.4339,20.1657,19.6657,21.7768,19.3803,21.6953,18.1288
2020-05-28,20.4963,21.2446,19.3253,23.0242,19.109,19.1243,19.9548,17.8959,17.1787,21.7538,16.3038,21.0568,13.1704,17.3254,21.1039,19.094,21.5038,19.1437,22.8182,19.64,19.4144,14.3619,21.7933,14.1878,21.255,18.2789,17.8355,18.2612,20.913,18.901,21.917,18.5598
2020-05-29,19.4317,20.0479,20.1462,22.2963,18.8362,18.9266,21.1346,17.9389,17.445,21.9437,16.7709,21.647,15.1761,16.2757,22.2416,18.4101,21.8321,19.9773,22.1938,20.1021,19.0929,14.0319,22.4538,13.7201,21.5685,17.3599,18.4392,18.1561,20.7388,19.374,21.8407,18.6864
2020-05-30,20.7866,19.0464,20.4972,20.822,18.2872,18.7858,22.3868,18.6851,16.0646,22.1167,17.7087,20.3641,15.9973,17.4984,21.6422,18.4171,20.0811,19.4109,21.415,19.5386,19.21,15.8288,21.6466,15.1461,21.8463,18.3042,18.3378,19.6882,21.0758,19.4099,23.2775,18.6617
2020-05-31,20.7259,19.8646,19.6426,20.3754,18.3358,17.8563,21.9864,19.0515,16.9174,21.4455,18.5946,18.667,16.226,17.0651,22.3349,18.5752,18.3141,18.3472,22.6168,19.9965,18.64,15.2245,22.1228,16.5618,20.7348,18.378,18.0351,20.4077,21.4762,19.4531,21.5783,18.872
2020-06-01,21.4028,20.2205,19.6654,21.6421,20.2518,18.2358,22.1512,18.2152,17.5843,20.0355,18.5928,19.6439,14.3916,15.6672,22.72,19.4296,17.1905,19.2646,22.0149,21.5378,20.1929,16.2183,22.1863,14.7547,21.0266,19.3039,17.5403,20.709,21.6721,19.0548,21.6231,18.9015
2020-06-02,21.3158,20.201,20.6692,21.4997,18.227,18.6281,21.0015,18.2223,16.7827,19.0446,19.4415,20.6945,13.7462,14.8499,21.2457,19.5661,16.8156,19.4104,22.1454,20.3195,21.6923,17.0603,20.7184,14.2153,22.8521,20.5738,17.0111,20.8692,22.002,20.678,21.1949,19.004
2020-06-03,21.0375,21.126,19.2629,18.7666,18.6939,19.3322,21.3802,20.3753,16.963,19.1529,18.4174,21.5048,15.0421,14.0968,20.0266,18.7583,18.1935,19.1163,22.2087,22.232,20.2641,17.2153,21.8055,16.7846,22.5978,19.5505,16.7127,21.2007,20.6736,20.7721,19.4944,17.755
2020-06-04,20.1379,21.6451,19.0253,16.6128,19.5414,20.4237,21.48,20.2584,18.016,19.4753,20.7425,21.1082,16.9371,15.055,20.1315,17.8915,19.3558,20.1307,21.1698,21.6165,21.2408,17.0923,20.7703,16.3594,22.7591,20.0964,15.2332,22.5964,19.6465,19.4554,21.8461,16.7808
2020-06-05,19.8752,20.3012,19.1839,18.3399,19.3746,19.6773,21.2296,19.1989,17.1119,19.7776,20.22,21.608,17.4679,16.959,19.5712,17.874,21.2045,20.8776,20.8665,20.7693,21.6832,18.3883,20.8933,16.1977,22.6794,21.7879,14.783,22.2469,19.7453,20.2884,21.89,16.7684
2020-06-06,18.1192,20.2695,20.1314,18.4398,18.939,20.512,21.2284,17.8764,16.2701,17.1867,19.8925,21.9055,18.119,17.1531,20.0273,19.6884,23.1641,21.3586,22.4223,21.4136,19.88,18.3602,22.3591,15.1261,23.0594,22.2593,16.8307,22.3222,22.1265,21.6108,21.196,14.7798
2020-06-07,16.7357,20.278,21.2615,19.176,19.0306,20.5336,19.4294,16.9825,17.3764,18.0709,18.9747,21.1055,17.4929,16.7831,20.6144,20.4349,23.7654,20.3331,19.6522,21.4607,21.0711,18.5756,21.832,16.7718,22.461,21.3225,17.9399,22.064,21.6862,20.3305,21.0967,14.986
2020-06-08,17.485,18.3676,20.7338,18.6196,20.1761,21.6535,18.5253,18.7412,17.3886,17.0343,20.0006,21.6029,18.4027,16.5009,20.3363,19.3809,21.4918,20.9629,20.782,20.9668,21.1925,19.2694,20.5332,17.1638,21.2083,21.2227,17.3594,21.5871,20.6802,19.0604,20.4779,16.1151
2020-06-09,16.4511,18.9461,22.356,21.1227,19.3464,21.7845,19.1627,19.1912,17.379,17.8637,19.9705,21.5656,19.3189,16.8446,19.7476,19.8418,21.9344,19.2112,19.6671,20.4409,19.4155,18.0201,19.5723,16.7308,20.5023,19.9098,18.9383,21.0675,22.2321,18.6495,20.4644,17.9385
2020-06-10,15.9065,17.4514,23.8844,22.3236,19.7025,22.5382,19.5063,19.4918,18.9399,17.1571,21.9309,20.6415,19.2319,19.165,17.8366,19.7809,22.0039,17.3208,18.9862,21.0149,19.6501,17.0029,20.6668,16.943,19.8032,19.7318,19.526,21.2705,21.9267,18.5377,19.6527,17.8224
2020-06-11,15.4157,16.6106,22.907,21.5836,20.2411,23.7168,19.8507,19.9914,16.986,17.7714,22.3664,19.4281,18.1152,19.7552,20.0245,20.8346,21.2916,18.3254,19.413,19.4454,19.4007,16.7478,19.8926,16.8305,21.117,18.7126,19.1192,20.7339,21.438,20.2318,19.181,18.4415
2020-06-12,16.0883,16.9459,24.0333,20.9441,19.295,24.013,20.9507,21.3561,17.354,19.1499,21.8696,19.7074,19.299,18.7284,21.0886,21.6177,20.7946,20.1381,19.8118,18.8525,19.2622,18.737,21.2157,17.5678,21.479,18.8565,19.6497,19.8795,21.5497,19.9505,19.4091,18.2112
2020-06-13,17.274,17.0833,22.728,21.1288,21.7841,23.086,20.8118,21.1993,16.0872,18.1097,22.8988,20.3773,21.0196,18.2642,19.4257,22.3106,20.4526,20.2498,17.0785,19.0731,18.4212,19.0187,20.9505,17.7769,23.0881,19.3714,19.7871,21.2883,20.6799,19.6168,20.6284,18.826
2020-06-14,18.2889,17.27,20.8872,19.7298,19.8894,23.4374,21.3171,21.2812,16.0958,19.0785,22.4317,21.7355,20.5417,19.5655,17.506,21.5947,18.5363,19.339,15.8117,18.8959,16.8051,18.4006,19.4565,16.4033,23.5348,19.0269,20.9829,21.2532,20.9311,19.3214,20.3424,20.7269
2020-06-15,17.3587,19.5824,20.8267,19.5365,19.7038,22.75,21.1507,21.2062,16.3465,19.0719,22.2929,22.1158,20.3869,19.8227,18.275,20.8909,17.5012,22.01,14.5718,22.2095,17.9158,18.1137,19.3842,16.4541,25.0004,18.6706,20.9441,21.9303,21.6823,20.7885,19.4336,20.9004
2020-06-16,17.2689,18.046,19.9294,21.0312,20.9708,22.069,20.7294,20.5505,16.2982,19.7184,24.0069,22.1852,21.448,20.0492,18.5958,20.3426,18.1096,22.138,14.3596,20.1729,19.9674,18.8345,20.1034,17.0022,25.9209,20.2792,22.8056,22.7225,24.1126,20.5611,19.5482,21.7658
2020-06-17,19.5296,17.6869,20.2377,20.2368,20.189,20.8255,21.5323,20.7706,16.3125,20.824,22.5327,23.2047,20.5099,19.5766,19.4343,21.5357,19.3665,23.3964,14.3635,20.1119,21.2135,17.8312,19.0712,17.5845,26.1516,18.3681,21.1358,24.2548,22.5949,21.7974,20.8651,20.5806
2020-06-18,20.984,17.6495,20.297,20.1117,18.5574,21.9326,21.2006,21.498,18.2756,21.2166,21.5583,23.6134,21.7378,20.1647,18.1203,21.939,19.8526,22.176,16.279,18.1794,21.6551,18.4237,19.8855,17.9751,23.9874,16.9745,20.5876,23.3023,23.2392,20.8234,20.9395,21.922
2020-06-19,19.7369,15.987,20.2491,18.938,18.7066,20.9156,20.6074,21.7254,17.8422,21.5494,22.779,24.3314,21.2796,19.539,17.6617,21.4576,21.1541,23.09,16.7992,18.3979,19.7412,18.0245,17.6501,18.1089,23.4384,15.6852,21.9834,23.165,24.2083,23.231,19.555,21.5222
2020-06-20,20.716,15.6351,20.784,17.6179,18.0854,21.1379,20.8233,18.6097,17.7094,19.9465,23.0817,24.2482,21.0063,19.5611,18.8243,20.7545,21.9248,22.714,17.1666,18.364,20.9702,18.319,19.2364,19.1692,22.7196,15.6054,22.3648,23.3497,22.7282,21.2528,20.2839,20.5989
2020-06-21,22.1847,16.0718,21.8691,18.663,16.9576,20.6294,19.7022,19.2646,18.1733,21.0791,22.2276,23.3792,20.6117,18.1303,19.6681,21.6308,22.3441,21.2287,17.0725,19.4751,19.6034,18.0139,18.5073,18.4021,21.2341,13.4815,21.9751,22.9813,21.7685,20.469,21.504,19.3648
2020-06-22,22.1453,15.8869,22.2421,17.9865,15.4865,20.3099,19.2796,19.5886,17.5328,20.3911,22.3384,24.0916,19.0509,18.3269,19.813,21.9032,22.0138,21.067,16.5068,19.6511,19.8817,20.379,20.5408,18.3797,22.6384,14.8907,21.9973,23.0377,21.2981,20.715,22.2777,17.6156
2020-06-23,20.789,17.0883,21.2944,17.5452,16.3297,20.9656,22.1612,18.9733,17.2738,21.1629,21.2906,25.6949,20.3424,18.3169,19.2998,22.6564,20.9747,20.7096,16.538,18.768,20.4691,19.253,21.0703,18.8086,21.5132,15.5971,22.6002,24.5415,21.3974,21.9984,23.0844,18.3075
2020-06-24,18.7885,17.8254,22.4426,17.1529,18.7089,20.4917,23.7514,19.7896,16.8278,21.5573,20.8337,25.6784,22.0859,17.6342,16.6146,21.6978,20.3124,20.9893,16.7619,17.4823,20.1403,21.1397,21.8305,20.322,21.1508,18.2319,23.9572,24.6367,22.1173,22.1019,23.4698,19.0478
2020-06-25,17.4713,19.0917,19.7678,17.1554,17.4534,21.2497,22.724,20.834,17.4189,20.7225,20.3921,22.3033,22.3628,17.9081,16.1951,21.8481,20.6843,23.0096,15.5939,16.452,20.1502,21.995,21.9188,21.0655,20.9285,17.186,22.26,22.2637,20.5068,21.8917,25.3727,20.1009
2020-06-26,17.6146,20.5458,19.2405,17.15,19.7238,20.4199,21.5984,22.2218,17.1384,19.5933,19.642,20.9167,21.1711,18.3005,15.1495,21.5594,21.4127,23.6569,13.4868,16.8328,21.7761,21.6929,20.7257,20.4388,20.5787,17.8656,23.5359,20.9803,20.0573,19.2654,23.4765,19.04
2020-06-27,18.1973,20.7872,17.7567,18.599,18.3061,21.4093,21.2496,22.2366,16.0259,19.7715,18.9943,19.6398,19.0408,18.4714,16.8903,20.8135,19.1148,22.574,16.2221,15.6865,22.0727,21.7245,20.9772,19.6091,18.8647,18.4453,23.4317,21.5998,20.3626,18.3174,23.3549,18.3849
2020-06-28,17.5166,19.8143,17.7632,19.0229,19.3539,22.8653,21.2864,21.4937,17.9623,20.7332,19.4286,19.3755,18.7903,18.5039,17.9543,21.4332,19.3117,23.1631,15.7712,17.694,21.5679,21.3808,23.4645,18.98,16.9978,18.4429,22.1263,22.9914,19.7987,18.8491,22.4845,19.3042
2020-06-29,17.4398,19.2078,16.7001,19.4701,20.6467,21.3736,21.2455,21.9927,17.1105,20.21,21.5883,19.632,17.997,19.5422,16.5677,20.1524,20.7224,23.2236,16.0481,17.9918,24.3205,19.9918,22.1214,18.6517,17.6727,20.493,22.4145,20.5542,19.4989,20.501,21.223,19.593
2020-06-30,18.2322,18.8672,16.9697,18.898,20.0175,21.5729,22.3674,20.3725,17.0232,18.7592,21.3378,20.5803,18.2055,20.9245,17.2387,19.4191,20.1294,22.5523,18.2015,17.893,24.3317,19.988,21.45,18.0936,18.3708,19.4218,20.5489,20.022,20.0918,19.6557,19.8943,19.7594
2020-07-01,18.4835,18.8969,18.5844,19.9653,18.6739,23.5013,22.4497,18.4972,16.9418,19.6953,19.2967,19.4442,19.3205,21.6861,16.116,20.5046,21.1857,21.6952,19.1498,20.1344,22.9458,20.8343,22.2178,16.8683,19.5124,18.4874,19.2492,19.7815,20.9786,18.8942,20.6859,20.9729
2020-07-02,18.8831,19.2427,17.3441,19.8873,20.0952,21.2958,21.6841,18.6877,18.6535,19.1911,22.0665,19.252,19.023,22.4657,14.9072,21.328,21.2452,20.635,18.3907,20.9016,22.8986,20.9111,21.4729,17.8261,18.3181,20.0649,18.4722,20.749,20.8627,19.1063,20.7458,22.8737
2020-07-03,18.5851,20.9669,17.5479,17.6674,20.5878,22.7592,21.1585,18.9854,18.464,18.3886,23.113,18.086,18.1709,21.9267,15.0283,21.833,19.9271,21.0539,19.7285,19.0807,23.5459,21.491,21.6691,18.5557,17.7546,19.4278,16.4041,19.2593,21.3518,17.6785,19.913,22.6231
2020-07-04,18.5405,20.5391,18.844,18.9372,20.8985,23.8184,21.4516,18.5559,17.3301,18.8873,24.5115,18.5962,18.5001,21.4808,15.4258,21.6622,19.5391,19.7403,20.0687,18.8086,24.0167,22.881,21.2727,17.7191,18.4645,20.4459,17.9943,17.9666,20.5114,18.9085,18.7054,21.5418
2020-07-05,18.792,19.1368,19.1843,18.571,21.1793,23.7354,21.2871,18.753,18.0588,18.9103,23.505,19.1871,17.4809,20.3854,15.266,21.7657,19.9581,20.4796,20.7524,18.7019,25.5068,20.8311,20.905,15.8588,19.6862,18.4381,16.5415,19.9365,21.2633,16.7111,19.4911,20.8342
2020-07-06,20.155,21.295,20.5462,18.5599,20.7059,24.9642,19.62,18.8222,17.769,19.9357,24.1543,20.6095,17.6889,18.8449,15.2248,24.0858,21.2532,20.4791,21.0181,19.2976,27.6501,20.2279,19.6944,16.1267,17.9689,18.5261,17.0617,19.526,20.3427,17.2387,18.8831,22.43
2020-07-07,23.2997,20.2948,19.4179,18.916,20.9428,24.5788,19.8546,17.9375,18.1579,20.2701,23.7611,21.7644,17.1183,19.6833,14.3713,24.2504,20.6987,21.2422,20.8108,19.4898,27.5962,20.9893,19.9996,17.0966,18.023,19.3574,17.2983,18.3656,20.2406,16.7624,19.4606,22.3505
2020-07-08,23.1974,21.9698,21.0711,19.2964,21.235,23.4129,20.1095,17.8464,20.1296,21.2077,21.7276,22.6831,18.8709,21.3475,14.2522,25.612,23.0178,20.2956,19.1392,19.2813,26.8564,22.5946,20.8783,17.7697,18.9448,18.9212,18.0514,20.1896,19.5999,19.0991,17.1869,23.3087
2020-07-09,22.1898,22.887,21.3113,19.8379,20.7742,25.5952,18.7777,18.9495,18.7112,18.651,20.9299,23.2434,20.7592,20.5731,14.934,22.4408,22.2712,19.6468,18.449,20.1961,26.1323,21.3838,20.2203,19.2354,19.5481,19.9961,16.4417,19.508,20.1805,18.0238,17.5867,21.88
2020-07-10,23.6403,22.2245,21.64,21.3713,20.5169,23.9518,18.3809,18.3613,19.6636,18.4254,19.6413,22.0642,22.1898,21.3796,14.4632,22.333,23.2646,19.6715,17.8812,19.4017,24.5209,19.6713,19.7201,18.2047,18.1864,19.6364,16.8706,17.5189,18.4925,18.5143,18.632,21.8311
2020-07-11,25.3338,22.9697,22.775,20.5177,19.9882,23.1838,18.0011,17.0814,19.663,15.91,18.7745,22.6873,20.5041,20.7022,14.8127,21.567,22.3001,18.9419,19.0073,19.5498,24.0966,18.2976,20.7666,18.5357,18.6517,19.362,15.2119,17.7401,17.9236,18.2391,17.8554,21.8423
2020-07-12,24.1229,22.672,22.3839,21.6543,20.1283,23.6091,20.0766,18.2105,20.2933,15.7025,20.1503,23.0108,20.836,20.0265,15.6217,22.2072,21.2974,18.6857,18.55,18.5398,23.7043,19.4274,22.0675,20.3278,20.2036,18.1806,14.3185,16.6217,17.5279,16.0418,19.064,22.5238
2020-07-13,23.8933,24.0323,21.7908,21.7484,19.8221,22.0752,20.539,19.0755,20.7663,15.3308,20.1413,22.6935,21.5988,20.3907,15.0721,22.1484,20.7091,19.6463,18.1316,18.9782,22.7864,18.8136,22.1423,21.8154,20.6813,17.9569,12.3126,18.4338,17.0245,15.2523,18.378,21.7995
2020-07-14,23.3891,23.2435,21.8864,21.7456,19.7114,21.9857,20.7979,18.9744,19.6968,13.5467,18.6268,23.9204,23.3787,18.5001,15.3333,22.4732,20.7486,20.5303,18.408,20.002,21.4136,20.1893,21.2993,22.0122,19.2006,19.3841,14.7902,17.6011,17.181,15.49,19.1028,20.8489
2020-07-15,23.1347,23.9031,20.7361,19.8347,18.1777,21.9656,18.9699,18.1871,17.2839,13.648,19.5595,23.7824,24.8489,20.0067,16.3127,20.5871,19.0794,21.4144,18.6506,19.9805,22.4241,18.8737,21.5622,22.7903,20.2561,18.9131,17.1649,18.6403,17.046,15.8012,19.1661,21.1379
2020-07-16,23.5621,23.9041,21.0533,19.3066,18.5729,22.295,18.4308,17.4585,18.9187,15.4664,18.4612,23.0277,23.7028,21.3848,16.0891,21.5002,20.6616,21.3492,17.8906,18.8008,21.2501,21.0961,23.4439,20.6767,18.5615,19.3034,19.625,20.0636,18.2396,15.7742,17.6242,22.7608
2020-07-17,21.7346,22.0762,21.5783,18.1137,20.2969,23.7592,19.077,19.3792,20.3819,15.0459,18.3306,21.7295,24.8602,20.5424,17.213,23.1633,20.6292,22.5326,17.3679,19.8444,20.3059,22.6571,21.7292,21.594,18.2051,20.7157,20.3932,17.6961,17.5237,15.0552,16.715,23.3896
2020-07-18,20.8238,22.2465,20.4861,18.4823,20.7874,24.1551,18.1985,18.6452,19.8814,15.4302,16.5639,19.3964,25.4564,18.7284,18.5038,22.8218,20.9376,23.3631,16.843,20.23,20.6409,20.9958,22.8262,23.7252,19.4648,20.6047,18.0806,18.4314,17.4354,14.6773,17.3573,23.9488
2020-07-19,23.1266,23.4885,21.5617,19.5592,20.0237,24.3687,18.1987,20.3498,18.9335,17.2064,17.4352,18.473,23.4344,20.7769,21.2074,23.6717,21.8069,24.4929,16.505,22.1519,20.619,21.524,23.39,24.075,16.9229,22.3456,19.3281,18.9905,17.9886,13.9801,17.2473,23.7199
2020-07-20,23.1362,23.7052,20.8534,17.9621,20.0373,24.0761,18.8368,18.4088,19.0431,17.3221,17.454,18.2665,24.3689,19.0999,21.3494,23.5839,21.0566,24.4355,19.2514,21.4681,20.3119,21.0437,22.8306,24.4056,17.0277,22.5604,19.6872,17.7192,17.9357,13.8933,16.7494,23.0308
2020-07-21,23.5669,24.4203,21.4937,18.7312,20.7185,25.4374,19.3522,17.6428,19.1372,16.2657,17.9024,19.5652,24.7274,18.6334,21.2158,22.5275,20.772,25.8178,19.6499,19.3243,20.004,20.6737,21.5384,23.133,17.2967,23.2996,19.6218,17.0185,18.3714,15.902,17.6817,21.4013
2020-07-22,23.2813,23.8351,20.9254,19.4964,20.6004,25.9239,17.9847,18.5694,20.1869,16.6832,17.275,19.2718,24.1844,19.3239,19.797,23.3191,19.8686,27.0812,18.8494,17.8879,21.4652,20.6458,19.5734,20.9305,18.0666,24.019,19.7429,16.4901,20.2178,16.2688,17.6052,21.1639
2020-07-23,22.0707,21.914,19.6371,19.3563,20.5725,26.5665,17.8108,18.5572,21.0651,17.1845,17.273,21.0128,22.8274,19.0683,18.7306,22.9149,19.344,24.7072,19.7912,17.6809,22.1283,20.3802,19.7303,21.9426,18.2632,22.4343,19.1781,18.4291,21.7361,17.0377,16.9587,22.1671
2020-07-24,22.4568,18.552,20.0224,18.9232,20.8467,26.3842,18.5594,19.0288,20.7546,16.8111,17.6778,19.448,22.5779,19.0376,18.7327,22.9822,19.7059,23.0399,19.8214,18.6527,21.5099,19.7902,18.6772,20.5656,17.8615,21.4633,19.6348,16.5673,22.743,18.1626,15.9621,23.3986
2020-07-25,22.7034,19.4157,19.7984,21.0369,21.0251,23.1494,19.3596,19.1757,21.8068,16.3374,19.5273,19.1277,21.4937,19.7248,19.6048,22.3536,18.7332,22.9271,19.7525,18.921,19.6171,20.0921,19.0958,21.1986,18.611,21.8748,21.3865,18.0672,21.9891,18.804,15.2488,23.2295
2020-07-26,23.1875,19.4208,21.3457,19.9027,20.3435,22.7873,21.2743,18.2969,21.0917,14.2433,20.1587,18.7215,22.2127,18.0729,19.8249,21.3503,18.7763,22.0968,19.268,19.1074,20.8828,20.3676,21.4704,23.067,18.3994,22.5809,19.227,17.8913,21.0437,18.6444,15.1405,24.4009
2020-07-27,24.7425,18.4395,19.696,20.78,20.2194,22.1222,21.9245,20.3181,20.9454,15.4823,18.155,18.9153,20.9423,20.2094,20.8598,20.3148,18.1944,21.9506,18.6049,19.7042,21.0992,20.7428,21.4,21.9259,20.1311,22.3121,19.4071,18.7401,20.706,18.126,13.6628,25.3714
2020-07-28,25.6027,17.6246,20.8311,21.4793,18.9817,22.6079,21.6511,22.7598,20.2011,15.5118,18.3751,18.3951,20.7276,19.5734,19.6444,19.9416,17.704,22.7654,18.9541,18.866,20.9502,20.2332,21.8535,23.001,19.8029,20.519,21.1993,19.0422,20.352,21.1914,13.0579,24.7775
2020-07-29,24.4088,18.5015,22.3941,21.9423,19.2979,23.0344,22.137,21.4789,20.1025,14.8612,17.8326,19.2222,20.2194,17.9984,19.3793,19.2262,16.6727,23.3434,19.2712,19.4496,20.7594,21.0654,20.6555,22.9499,21.2697,20.1565,19.8627,21.7618,20.4697,21.1378,13.1998,23.2943
2020-07-30,25.6087,18.6968,24.08,22.0388,20.0123,22.2936,20.5978,20.8163,20.2154,14.0694,18.6941,20.0362,20.8202,17.5153,21.4195,19.2057,18.0094,24.4836,19.7221,20.249,21.6327,21.4223,22.1829,23.2102,22.3949,20.6574,21.6981,22.6294,22.6034,23.9289,14.6192,22.5367
2020-07-31,25.2429,18.8836,23.9891,21.0863,20.8687,19.9343,19.8311,18.9935,23.692,14.7699,19.7455,19.8264,21.3252,16.8606,22.53,20.3892,18.7833,24.0151,20.7952,19.7765,20.6322,20.7936,24.1505,23.0027,23.5824,20.8736,21.1044,21.9136,23.4137,23.8707,16.2164,19.8004
2020-08-01,23.5018,18.7652,22.3897,19.6973,20.0661,21.6772,19.3496,18.4634,20.93,14.8979,18.5953,19.7863,20.5851,17.3081,22.1685,20.6385,20.7182,22.5251,20.9415,20.1968,18.3235,21.5823,24.2226,23.7964,21.9959,21.8668,20.6953,22.4928,24.6306,23.4303,17.3816,18.7322
2020-08-02,23.1612,18.4651,23.2286,19.4323,20.3768,23.0913,18.8087,16.7136,20.4029,14.6123,18.0282,18.3931,20.4917,19.2489,19.8043,19.0236,20.1644,22.5606,20.819,21.0449,19.5649,22.2738,23.7583,22.5561,20.0213,24.1564,20.6175,21.3692,24.8467,24.505,16.6231,18.4712
2020-08-03,21.3491,16.6261,22.0634,19.3643,19.1644,23.493,21.4198,17.0741,19.9576,12.9965,16.0625,19.579,20.2673,18.7313,20.4485,19.8956,19.9706,21.5507,23.0973,21.9529,19.9294,22.8321,22.608,22.8737,19.6092,23.6362,21.9556,21.5539,25.5889,24.7619,18.7632,17.6408
2020-08-04,22.0186,17.1764,20.9609,18.7623,20.482,22.7227,20.641,16.5314,21.0042,12.5989,16.1738,18.6408,19.9937,19.0311,20.6268,19.544,21.3616,20.9283,23.2287,21.8564,20.0627,21.7918,22.6628,23.3241,20.9931,23.7217,21.1014,19.6292,26.693,24.3715,17.1853,18.2677
2020-08-05,22.3898,18.5519,21.3677,17.5497,19.9065,20.4289,20.3743,16.7462,22.583,12.1491,16.8353,18.0463,19.8877,20.3288,20.6332,20.3334,22.6624,20.4343,23.5445,22.8563,19.3017,21.2525,21.0954,22.2144,22.0869,24.0282,21.1138,19.3877,26.0215,22.8767,18.6566,17.9031
2020-08-06,22.1462,18.4736,18.9902,17.4744,19.6055,20.8865,18.3617,15.9186,21.7277,10.7349,18.811,19.1627,18.9337,17.6809,20.1613,21.2852,23.2554,21.8433,23.1697,21.6671,18.8917,21.7925,20.0428,22.9312,23.1122,23.2211,20.88,18.422,25.9197,23.4059,17.9075,17.0154
2020-08-07,23.5714,17.477,19.8017,17.0251,18.5135,21.965,19.4717,15.5992,21.2577,14.0497,18.0718,18.6862,18.6958,18.532,20.59,21.6148,23.5393,21.4307,23.3252,22.5448,17.9651,22.5638,20.5922,22.1961,23.8156,21.8224,20.6495,18.1721,26.116,22.879,19.6955,16.0326
2020-08-08,23.2721,19.5569,18.8231,17.0146,18.7772,21.3653,20.6273,16.2632,22.268,13.746,19.4308,17.1028,17.7469,19.824,21.4845,20.346,23.0379,20.1804,22.357,21.3936,19.0388,21.4096,19.7069,22.44,22.7512,22.659,20.3957,18.0795,25.4868,24.4125,19.2412,16.0986
2020-08-09,23.5985,20.0184,17.8135,18.2595,20.4195,19.7309,19.2983,16.7436,22.6306,14.3738,20.1163,17.1013,16.1719,21.618,20.7296,20.8259,21.5964,19.829,20.9769,20.521,17.148,21.487,19.0496,22.094,22.228,21.4679,19.9745,16.9837,27.1144,24.3185,19.3399,14.9403
2020-08-10,24.5591,18.2068,19.5136,18.3555,20.6679,20.9312,18.3497,16.4112,22.8743,14.9592,20.9731,17.115,16.5222,20.1535,22.1672,19.8693,21.3285,18.6451,20.4237,20.0612,16.7146,24.1555,18.2535,20.1441,21.4379,21.4078,19.5714,17.284,26.7249,25.7567,19.4904,16.8687
2020-08-11,24.8963,19.9554,20.1507,18.8962,21.3987,19.7679,18.6251,16.9559,21.256,15.3621,21.4167,17.4953,17.5708,20.4598,21.9729,19.9928,22.2947,17.4681,20.4366,18.7131,16.7004,23.6168,17.4962,19.424,22.0426,19.6944,18.6669,16.5987,25.6474,25.1524,19.4977,17.9409
2020-08-12,24.0935,19.548,20.9522,19.0962,20.7784,21.221,17.9628,16.7604,21.3048,15.7074,22.282,18.3759,16.5368,21.3441,22.3537,19.1302,21.3055,19.4537,21.0112,18.5945,17.3001,21.1549,17.5834,19.4232,23.0264,19.4256,18.5332,17.8703,25.2765,23.9813,18.9934,19.4059
2020-08-13,24.9159,18.7539,19.4242,18.2314,20.9658,20.3374,16.4089,18.6928,20.8999,15.8537,24.3465,18.4949,16.1288,20.4648,22.0421,18.7878,20.649,19.5329,22.4819,18.9784,16.3395,23.4006,17.8375,19.7797,22.6846,19.1645,19.7164,16.0418,24.0941,23.8883,18.3294,19.5165
2020-08-14,24.2313,18.7964,19.6412,19.7447,22.1503,19.9152,16.6903,18.2119,20.8589,17.9309,23.215,18.8326,16.849,21.6467,22.0862,19.7253,19.8868,20.2143,22.4822,19.8261,15.6328,24.6622,17.0583,19.2785,21.7113,20.5162,19.8531,16.2478,23.3561,22.6525,17.7169,18.5068
2020-08-15,22.837,17.7323,18.0522,17.8337,23.0971,19.8553,16.6789,19.2309,19.7253,18.475,21.8462,18.1383,17.265,22.6143,21.4649,18.1476,18.0243,19.034,22.9089,17.8145,17.2174,23.4705,17.564,19.108,22.1244,21.3118,18.7793,15.3861,23.5379,21.9951,18.6529,18.3675
2020-08-16,22.247,17.1038,18.9659,18.3321,21.3713,18.4883,16.6338,19.8573,19.8527,19.5052,21.8258,19.1235,17.3459,22.1235,20.8952,19.5604,17.9777,19.221,22.2281,17.6535,17.9115,22.7672,16.3785,18.4473,22.1545,20.4488,19.07,18.0066,22.5369,20.9684,19.885,19.9901
2020-08-17,23.0167,15.6212,19.0393,17.5709,20.8515,18.3495,16.3446,22.9161,18.7167,19.8586,21.9369,20.0914,18.9526,22.0662,21.1203,17.7055,17.8295,19.5289,20.9366,16.8637,18.6289,23.0671,17.7287,18.7377,22.3373,21.2958,18.5663,19.1688,22.8164,20.9934,19.9445,19.9642
2020-08-18,22.6123,14.9599,17.9919,17.6056,23.1136,19.0563,15.9516,24.4562,18.2872,19.5314,21.6871,18.5058,19.8822,21.6026,20.0717,19.3069,18.5697,19.4388,20.9662,17.2278,17.3779,23.3379,18.7206,18.9898,22.5266,23.0949,16.5324,19.3664,20.894,19.1009,21.7217,21.2306
2020-08-19,22.2167,16.3337,19.8827,17.026,22.955,20.4137,16.3328,24.8491,19.0525,20.4469,21.6857,18.6566,19.5777,20.3744,19.104,18.487,20.0822,20.5035,20.5652,19.2365,18.467,23.9963,20.0412,20.1065,20.7874,21.6739,18.6127,22.0902,21.4714,19.7542,21.4581,20.8516
2020-08-20,22.3841,16.8932,22.3581,17.179,23.5104,19.5717,16.7084,24.623,20.3136,18.1427,23.1616,19.342,18.1251,19.0021,17.5929,19.071,21.4385,20.2634,20.9488,19.1614,19.5965,23.8042,18.1941,19.744,19.5961,20.2601,19.559,23.0611,19.8917,19.2978,19.9608,21.8974
2020-08-21,21.7777,17.4569,21.4982,18.1448,20.6657,20.4214,16.3569,25.841,20.5612,18.1451,20.6554,17.6054,19.4992,18.0486,16.6753,19.6153,22.1961,21.414,18.0819,18.9794,20.1001,22.8337,18.3729,20.4694,18.0107,20.7963,21.357,21.847,20.2863,20.1364,20.405,21.6253
2020-08-22,21.5133,17.036,22.254,18.6838,21.9096,18.6534,15.695,25.5814,20.906,17.1499,21.3378,17.71,20.54,19.7802,16.8956,19.0442,22.7782,23.1988,19.0873,20.2094,20.3324,20.4636,17.3603,20.0738,17.619,19.5045,21.1578,21.7312,20.9703,18.59,20.1081,22.9776
2020-08-23,21.5422,19.3661,21.6775,19.2895,22.868,19.4398,17.2303,25.4922,20.2079,18.5077,22.0484,19.0352,20.3405,18.8697,17.5121,20.5835,20.3441,23.637,18.4486,19.9524,18.201,20.5309,18.3418,20.7519,17.3059,19.5787,20.6806,21.0569,21.8684,19.3554,18.1527,22.3186
2020-08-24,21.5204,19.0644,21.2559,18.2132,23.6173,20.3324,16.5555,23.3087,19.718,20.4747,21.7299,19.5677,20.2197,20.5774,19.1619,20.2672,21.5009,23.9255,19.1082,20.5246,18.4885,21.4132,18.9679,22.7481,17.6489,19.7442,20.8342,20.586,21.7535,19.3308,17.7987,23.4129
2020-08-25,22.8354,19.6163,21.8036,18.3147,23.5976,19.829,16.8279,22.8398,22.2837,20.3699,20.7272,20.5853,20.2595,18.2939,20.1175,21.4622,22.2588,24.6239,20.0099,21.974,20.6569,21.1717,20.3385,22.0612,17.04,18.9217,20.7064,21.543,21.6736,20.1684,17.5193,22.382
2020-08-26,21.811,18.7105,22.4478,19.8526,23.7352,19.9775,17.3879,22.1346,22.4677,20.2428,21.883,20.4797,19.6774,18.8078,19.2362,21.021,23.8011,25.4282,20.6538,21.2755,19.5787,21.8314,20.037,22.0892,15.6481,18.2472,20.1542,21.2825,22.5432,20.9943,18.2604,22.1963
2020-08-27,22.8723,20.709,21.6822,19.5742,22.0198,21.1018,18.2997,21.4537,22.3789,19.4067,21.9908,20.2622,18.558,18.5343,19.9294,18.9478,23.4285,23.8041,21.1449,21.2128,19.5779,22.6345,20.8321,24.7459,14.4581,17.9375,17.5259,21.3674,22.1511,19.601,18.7073,22.6024
2020-08-28,21.969,21.5262,20.8184,19.9531,21.9047,20.6188,19.2564,20.4379,22.3581,18.4118,23.6641,18.5223,16.3693,19.4473,20.8861,19.0358,22.8123,23.0549,21.851,21.1031,19.8313,22.6911,20.2429,23.855,14.774,19.0543,20.3832,20.126,21.2324,19.0124,21.4108,22.982
2020-08-29,23.5674,19.4095,20.593,20.3372,20.9783,22.6352,19.8665,19.6117,22.2487,18.7349,23.8077,18.6264,14.0176,20.8866,20.46,18.7928,22.0962,22.1817,21.3792,21.4351,20.8679,21.6772,19.5496,24.1455,16.1643,18.6921,21.3741,19.4796,21.1237,19.3915,22.1748,22.0672
2020-08-30,22.4686,20.7098,20.8112,20.371,22.1809,22.237,20.8874,19.648,20.7098,20.5487,22.6327,17.8815,13.4999,20.9387,20.3547,20.0418,20.0874,20.2874,21.1552,21.165,19.8536,21.5129,21.2256,23.9332,15.136,19.3595,20.6447,20.1379,19.9899,19.2109,23.973,20.7524
2020-08-31,20.9978,22.0488,20.0946,19.0525,22.4033,22.5402,21.5399,20.5109,21.0259,19.7867,22.109,18.3851,15.5352,21.8862,19.2726,21.3266,19.5361,20.4396,20.7,18.833,20.2659,19.8411,22.7689,23.6326,14.6974,20.559,21.6376,19.7834,17.4192,18.2412,23.7978,20.9459
