Date,Day,age0-4,age5-9,age10-14,age15-19,age20-24,age25-29,age30-34,age35-39,age40-44,age45-49,age50-54,age55-59,age60-64,age65-69,age70-74,age75-79,age80+,Total
2020-08-08,220,22.1338,22.5623,23.9909,55.2766,100.419,100.419,95.7052,82.4195,70.5623,62.7052,57.5623,47.4195,39.2766,23.7052,13.1338,11.9909,48.1338,877.417
2020-08-09,221,23.6869,24.6869,25.2583,59.4012,107.83,105.115,100.258,84.4012,67.8297,62.8297,57.2583,49.8297,37.2583,22.9726,13.1155,13.2583,44.9726,899.963
2020-08-10,222,23.6686,23.8114,24.24,62.24,112.097,109.24,101.526,81.5257,67.8114,64.24,55.3829,50.9543,37.6686,23.8114,13.6686,13.0971,42.8114,907.794
2020-08-11,223,23.2217,23.5074,25.6503,62.5074,118.507,116.507,104.65,82.936,70.2217,66.936,55.936,52.3645,37.2217,23.936,15.2217,13.7931,42.3645,935.483
2020-08-12,224,22.7748,22.6319,23.9177,63.3462,122.632,119.061,103.775,82.7748,69.7748,65.3462,56.7748,53.3462,38.4891,24.9177,14.3462,13.3462,41.4891,938.743
2020-08-13,225,21.8993,22.7565,23.4708,67.1851,121.185,120.756,104.328,81.4708,70.0422,63.3279,57.4708,51.4708,39.8993,24.0422,14.3279,13.8993,39.4708,937.003
2020-08-14,226,21.881,20.881,23.0239,68.881,122.31,120.452,99.3096,79.1667,66.3096,60.3096,56.5953,49.881,36.7382,22.0239,14.4525,13.4525,33.881,909.549
2020-08-15,227,21.8627,18.8627,19.4342,68.577,124.863,119.72,91.7199,73.4342,64.4342,56.0056,54.1484,46.2913,34.577,20.4342,14.2913,11.2913,31.2913,871.238
2020-08-16,228,19.8157,16.9585,17.6728,66.2442,124.816,120.53,93.6728,73.2442,65.9585,56.2442,55.9585,45.53,36.9585,21.6728,13.53,9.81567,31.9585,870.581
2020-08-17,229,20.9115,18.4829,20.6258,70.7686,134.911,126.197,94.4829,76.1972,67.1972,58.1972,57.0543,46.4829,35.34,20.4829,12.34,10.0543,30.4829,900.209
2020-08-18,230,21.5787,17.4358,21.293,74.5787,135.864,126.579,95.293,76.1501,64.0073,58.7216,57.1501,45.5787,35.4358,19.1501,11.5787,9.00728,27.8644,897.267
2020-08-19,231,21.2459,18.6745,21.6745,80.9602,141.532,126.96,96.3888,75.5317,63.5317,59.8174,56.2459,44.5317,34.2459,18.5317,12.1031,9.24594,27.9602,909.181
2020-08-20,232,23.056,19.4846,22.056,84.1989,146.199,130.627,97.1989,76.9132,63.6275,61.1989,58.6275,46.1989,34.6275,20.3417,12.1989,8.62746,29.1989,934.381
2020-08-21,233,22.7233,20.5804,22.4375,84.2947,145.438,130.295,97.1518,77.5804,63.4375,60.2947,57.4375,46.2947,35.5804,20.8661,12.7233,8.29469,29.2947,934.724
2020-08-22,234,22.9619,19.3905,23.9619,85.9619,146.105,135.105,102.962,78.2476,62.6762,62.2476,59.2476,47.3905,35.8191,20.3905,13.8191,9.53335,29.3905,955.21
2020-08-23,235,23.9994,19.8565,24.7137,95.1423,148.999,138.999,102.714,76.9994,61.428,62.1423,56.5708,44.9994,34.2851,18.5708,14.428,10.1423,28.428,962.418
2020-08-24,236,24.1797,19.7512,24.6083,102.18,147.323,139.18,103.323,81.7512,60.0369,59.3226,58.3226,44.894,36.3226,18.7512,15.0369,10.7512,29.0369,974.77
2020-08-25,237,23.7886,22.3601,25.6458,114.36,157.931,144.789,109.503,84.5029,63.9315,61.6458,59.2172,45.0743,36.2172,18.5029,15.3601,11.3601,30.7886,1024.98
2020-08-26,238,24.8261,23.8261,27.5404,122.54,164.255,148.398,114.255,86.6832,66.5404,62.6832,62.6832,47.5404,38.2547,19.5404,14.8261,11.3975,32.6832,1068.47
2020-08-27,239,25.0064,24.435,29.2921,132.292,170.721,149.721,116.578,90.1493,68.8636,66.8636,63.7207,50.435,38.8636,19.8636,14.8636,11.2921,33.0064,1105.97
2020-08-28,240,24.3296,25.0439,30.6153,137.33,175.33,149.044,114.758,91.0439,71.7582,70.901,65.901,52.4725,38.901,19.1868,14.3296,11.1868,30.901,1123.03
2020-08-29,241,27.7957,26.5099,32.6528,149.796,193.081,162.51,124.939,105.796,82.2242,78.5099,75.2242,56.9385,41.0814,21.7957,15.7957,13.3671,36.2242,1244.24
2020-08-30,242,29.395,30.6807,37.2521,164.824,218.681,185.252,140.824,122.538,96.8236,93.395,94.8236,73.8236,51.6807,27.8236,19.8236,15.395,50.395,1453.43
2020-08-31,243,31.5657,34.8514,40.8514,171.28,250.851,206.851,156.709,133.423,116.994,106.994,112.423,90.28,59.1372,30.8514,22.7086,17.9943,60.4229,1644.19
2020-09-01,244,36.5936,37.8793,45.3079,175.594,275.165,227.736,172.594,149.879,130.308,120.165,122.308,101.879,69.1651,37.1651,26.7365,19.4508,67.7365,1815.66
2020-09-02,245,38.9072,42.7644,49.6215,185.193,296.479,246.336,190.479,168.479,143.193,133.622,132.907,109.336,75.3358,41.0501,29.1929,21.9072,72.9072,1977.71
2020-09-03,246,42.3637,48.3637,55.9351,188.935,322.649,260.507,207.221,182.649,154.221,143.364,144.221,120.221,81.3637,43.2208,32.5066,24.7923,78.6494,2131.18
2020-09-04,247,48.2487,60.1059,66.5344,208.82,359.677,294.249,241.106,207.82,173.106,162.677,166.534,140.677,91.963,52.3916,41.1059,29.2487,97.1059,2441.37
2020-09-05,248,49.2766,70.2766,76.8481,217.277,380.277,306.705,254.134,215.848,182.991,173.562,177.562,154.277,100.991,55.2766,43.1338,29.9909,105.419,2593.85
2020-09-06,249,52.0859,77.6573,80.0859,217.086,386.943,307.372,259.657,219.514,186.514,175.8,179.943,153.229,101.8,57.0859,42.943,30.943,98.3716,2627.03
2020-09-07,250,55.7523,86.4665,90.3237,223.752,382.181,309.324,270.181,228.324,189.324,183.467,179.895,152.038,101.752,59.6094,46.1808,31.6094,95.6094,2685.79
2020-09-08,251,56.2758,93.2758,100.99,225.561,382.133,303.133,271.847,227.847,193.704,188.704,185.133,156.561,102.704,60.2758,47.5615,32.8472,94.7043,2723.26
2020-09-09,252,58.3707,95.6564,105.085,222.371,374.514,296.085,270.228,226.085,194.514,190.228,188.656,163.371,105.656,61.2279,48.3707,33.085,92.6564,2726.16
2020-09-10,253,58.4657,99.0371,106.18,219.609,353.466,288.894,261.037,219.466,194.751,190.18,184.751,156.751,104.609,62.4657,48.8943,34.7514,92.18,2675.49
2020-09-11,254,53.9892,93.9892,105.561,212.846,336.418,275.703,255.846,216.989,193.703,188.989,182.418,149.275,100.703,60.2749,43.7035,34.4178,87.9892,2592.82
2020-09-12,255,53.0842,94.6556,111.798,211.227,324.941,269.227,253.513,223.37,193.227,193.227,183.513,152.084,99.9413,59.6556,44.9413,36.227,90.3699,2595
2020-09-13,256,54.7026,92.4169,121.274,218.703,331.988,279.417,262.846,231.988,207.417,209.846,196.703,163.56,103.274,62.8455,48.4169,39.4169,94.9884,2719.8
2020-09-14,257,56.464,89.3211,128.464,227.893,346.607,289.607,270.321,245.464,217.464,220.178,211.035,173.321,111.75,65.0354,49.1783,40.1783,95.464,2837.74
2020-09-15,258,62.3682,89.3682,136.511,246.511,370.511,315.368,286.368,267.94,233.082,233.654,232.225,184.511,121.797,67.6539,48.9396,41.511,96.6539,3034.97
2020-09-16,259,71.5581,90.9867,153.415,277.844,408.987,348.558,308.272,291.844,253.987,251.272,250.558,201.13,128.415,73.1295,54.4152,43.1295,100.987,3308.49
2020-09-17,260,82.8909,94.748,170.462,317.034,464.748,395.462,347.319,332.177,280.177,277.177,287.034,231.034,145.319,81.1766,59.748,46.8909,104.605,3718
2020-09-18,261,90.0808,97.6522,186.366,346.366,500.224,422.224,365.224,351.081,299.081,290.509,307.795,248.081,157.795,86.7951,65.2236,50.2236,104.224,3968.94
2020-09-19,262,96.6993,95.6993,194.699,392.414,549.842,459.414,398.414,372.842,324.128,306.699,332.414,264.414,171.271,100.556,71.2707,54.6993,107.556,4293.03
2020-09-20,263,102.603,99.0312,205.46,453.603,596.745,488.46,420.031,396.46,339.031,321.031,342.745,281.603,182.174,107.745,74.8883,57.7455,114.888,4584.24
2020-09-21,264,106.649,97.0774,210.363,520.077,654.506,517.363,451.22,417.649,354.22,337.22,361.649,299.935,198.649,117.22,78.2202,60.5059,127.077,4909.6
2020-09-22,265,110.552,95.9807,210.981,584.838,702.981,532.124,469.981,426.838,360.981,356.981,372.981,312.409,205.552,129.409,86.1236,62.4093,132.409,5153.53
2020-09-23,266,107.884,94.0269,209.17,667.17,743.313,537.027,479.884,430.884,368.17,368.598,384.027,322.456,215.598,135.17,93.3126,66.3126,134.884,5357.89
2020-09-24,267,107.502,87.0731,207.787,782.502,793.359,544.787,477.93,431.645,372.073,374.359,391.216,329.216,218.359,138.645,94.0731,66.3589,138.502,5555.39
2020-09-25,268,115.976,88.5479,209.976,944.119,891.834,578.834,517.405,459.976,396.834,408.119,418.548,355.834,240.976,152.834,105.119,72.4051,150.834,6108.17
2020-09-26,269,124.451,87.8798,213.88,1131.17,986.594,605.594,535.023,472.166,407.451,430.023,442.308,374.166,255.166,160.308,111.451,74.4513,170.308,6582.39
2020-09-27,270,132.933,88.7902,214.076,1402.79,1118.65,639.647,572.933,497.076,424.362,450.933,478.647,398.362,276.505,169.79,117.933,78.5045,179.362,7241.29
2020-09-28,271,144.986,93.8435,221.558,1673.99,1250.7,683.701,599.986,518.843,443.986,483.415,514.843,431.558,293.843,182.129,136.415,83.8435,188.129,7945.77
2020-09-29,272,156.182,97.4681,236.468,1925.04,1401.33,731.325,642.468,552.611,480.325,503.754,556.468,478.611,321.897,193.468,149.468,93.8967,204.897,8725.67
2020-09-30,273,168.093,99.6642,241.093,2079.24,1510.81,768.95,676.236,584.379,500.093,538.093,592.093,506.664,344.236,205.807,156.379,101.093,223.521,9296.43
2020-10-01,274,173.003,102.146,244.003,2213.15,1619.86,802.289,719.146,612.575,529.003,568.003,621.432,536.289,363.003,218.003,164.289,108.575,237.289,9832.05
2020-10-02,275,188.199,110.628,263.056,2362.06,1757.63,861.485,762.199,654.771,572.199,615.056,673.628,593.056,390.628,231.342,180.771,122.485,261.199,10600.4
2020-10-03,276,198.11,125.681,287.681,2462.4,1900.97,930.538,830.395,714.253,621.253,671.11,730.395,645.681,420.11,247.253,197.538,132.253,275.538,11391.1
2020-10-04,277,205.639,136.354,315.925,2495.93,2012.21,993.639,877.639,761.497,664.354,721.782,777.354,694.639,459.354,271.068,215.925,143.782,303.925,12051
2020-10-05,278,215.169,150.883,339.598,2510.17,2109.45,1043.74,924.883,809.598,712.026,761.598,822.312,739.026,484.455,289.741,224.741,156.455,319.026,12612.9
2020-10-06,279,218.413,161.127,349.27,2454.84,2112.7,1073.98,948.699,832.413,729.127,792.984,850.984,753.127,499.699,301.842,229.556,166.127,338.127,12813
2020-10-07,280,218.514,166.8,361.8,2399.8,2094.66,1089.51,962.8,841.514,753.8,804.943,859.657,759.8,509.228,309.371,232.657,169.086,337.514,12871.5
2020-10-08,281,219.044,175.472,369.33,2303.9,2042.33,1092.19,974.472,844.615,763.044,814.33,873.615,768.615,520.33,318.472,237.472,172.615,345.758,12835.6
2020-10-09,282,219.574,188.431,392.288,2232.72,2033,1142.72,1008.57,882.574,797.574,849.859,909.288,791.145,554.431,330.574,248.574,179.859,374.145,13135.3
2020-10-10,283,226.389,197.389,396.532,2162.39,2011.1,1157.53,1028.25,907.103,825.246,858.96,937.818,816.818,577.246,343.96,256.532,194.532,389.675,13287.5
2020-10-11,284,235.111,209.683,411.397,2032.97,1972.11,1188.83,1065.68,940.254,860.397,896.111,974.397,844.254,594.825,354.683,269.825,205.54,402.397,13458.5
2020-10-12,285,238.691,219.976,422.405,1881.69,1890.55,1206.55,1092.98,953.548,876.548,913.833,993.691,864.262,615.548,365.833,274.262,215.833,423.119,13449.3
2020-10-13,286,240.556,231.27,437.413,1788.98,1859.84,1240.27,1120.13,987.984,912.984,939.556,1023.27,894.27,640.27,381.27,286.413,224.413,451.698,13660.6
2020-10-14,287,242.135,244.135,448.421,1709.13,1848.28,1285.42,1159.99,1032.42,941.421,969.278,1065.85,937.706,665.135,392.421,302.706,234.421,481.849,13960.7
2020-10-15,288,252.571,250.428,465,1659.86,1849.86,1327.86,1198.14,1074.57,976,1008.43,1099,963.428,682.428,399,319.571,240.714,493,14259.9
2020-10-16,289,264.008,267.151,508.722,1638.29,1882.15,1400.29,1309.15,1161.86,1059.58,1090.44,1174.29,1044.72,725.436,442.579,349.151,254.151,512.579,15084.6
2020-10-17,290,280.73,291.159,563.159,1602.3,1902.3,1505.59,1403.59,1244.73,1129.73,1182.73,1251.44,1118.87,767.873,465.016,372.873,264.016,560.587,15906.7
2020-10-18,291,289.988,307.845,600.274,1589.42,1934.7,1576.99,1481.99,1323.27,1194.99,1241.7,1314.13,1176.7,805.131,488.702,390.988,279.274,591.274,16587.4
2020-10-19,292,300.675,313.675,625.103,1584.25,1952.53,1640.1,1540.96,1389.82,1247.67,1300.25,1370.82,1227.96,842.675,503.96,418.246,289.675,622.246,17170.6
2020-10-20,293,310.79,316.076,644.933,1573.22,1982.36,1674.36,1599.5,1437.93,1289.79,1346.08,1423.22,1267.08,871.218,521.361,433.218,305.076,642.361,17638.6
2020-10-21,294,316.334,314.334,655.191,1559.62,1971.05,1687.76,1618.33,1450.33,1317.33,1365.48,1435.33,1272.05,870.619,523.905,437.477,315.191,657.334,17767.7
2020-10-22,295,312.735,319.02,656.877,1533.31,1971.59,1710.45,1629.02,1470.02,1338.88,1379.16,1452.88,1293.16,887.735,532.592,439.592,323.877,680.306,17931.2
2020-10-23,296,323.421,315.421,640.136,1471.85,1948.28,1721.99,1641.99,1479.42,1355.14,1391.71,1485.99,1312.71,908.564,534.421,443.707,327.707,700.85,18003.3
2020-10-24,297,314.965,297.394,620.679,1414.39,1916.68,1704.96,1640.11,1478.82,1360.11,1384.11,1487.68,1310.11,914.108,545.108,438.394,332.965,698.822,17859.4
2020-10-25,298,317.069,291.069,591.069,1336.35,1859.78,1704.21,1626.07,1462.07,1356.78,1384.78,1486.21,1310.5,916.783,546.069,438.212,324.212,706.069,17657.3
2020-10-26,299,312.459,291.173,584.03,1267.46,1847.17,1715.46,1629.03,1463.46,1374.89,1408.89,1496.03,1313.6,924.887,556.173,442.03,332.316,727.173,17686.2
2020-10-27,300,319.705,296.42,581.563,1231.85,1833.99,1746.71,1643.42,1475.56,1394.42,1437.99,1518.56,1346.99,952.42,567.134,458.848,334.563,747.705,17887.8
2020-10-28,301,318.666,298.381,580.666,1207.95,1825.1,1765.81,1655.67,1499.67,1399.52,1451.81,1539.67,1367.81,971.095,576.524,463.809,328.666,742.524,17993.3
2020-10-29,302,315.913,298.342,585.342,1181.63,1799.06,1752.77,1667.34,1506.34,1414.63,1466.34,1546.91,1367.2,974.199,577.77,470.77,327.77,746.485,17998.8
2020-10-30,303,320.017,317.16,610.731,1203.45,1845.59,1821.16,1709.59,1584.02,1466.87,1526.02,1611.16,1412.16,1013.02,610.731,491.017,352.589,815.16,18710.4
2020-10-31,304,325.978,334.835,620.55,1209.55,1845.41,1833.12,1716.55,1604.41,1488.69,1552.26,1624.98,1423.12,1045.98,623.121,509.835,360.693,837.978,18957.1
2020-11-01,305,324.794,333.937,639.937,1210.51,1835.37,1831.37,1729.08,1600.79,1489.08,1543.51,1623.79,1432.65,1051.65,627.079,509.651,371.794,866.937,19021.9
2020-11-02,306,334.752,337.323,658.895,1243.18,1858.47,1830.89,1750.61,1612.47,1488.18,1532.18,1629.32,1448.32,1059.89,626.181,503.038,367.752,868.323,19149.8
2020-11-03,307,331.996,346.567,677.853,1266.28,1880.42,1852.71,1761.57,1638.57,1507,1530.71,1646,1440.57,1051.85,626.71,500.139,378.853,876.853,19314.6
2020-11-04,308,340.097,353.669,686.097,1298.95,1948.38,1874.95,1789.67,1659.38,1534.1,1550.95,1660.81,1459.67,1064.53,633.383,500.24,384.811,893.811,19633.5
2020-11-05,309,361.198,368.055,699.627,1356.91,2029.63,1955.77,1850.2,1715.48,1559.91,1581.06,1717.77,1515.77,1099.2,655.341,511.627,391.198,913.341,20282.1
2020-11-06,310,367.299,378.442,722.299,1381.16,2042.3,1955.59,1861.44,1683.3,1548.59,1569.59,1715.3,1524.16,1094.16,659.728,509.585,391.014,897.442,20301.4
2020-11-07,311,376.972,395.972,750.686,1398.4,2065.54,1981.83,1890.54,1688.97,1559.54,1585.4,1729.83,1550.11,1095.97,671.829,522.115,399.258,931.115,20594.1
2020-11-08,312,387.554,420.125,800.268,1445.7,2103.98,2019.98,1916.27,1736.55,1588.84,1630.27,1784.13,1587.55,1125.13,684.983,541.554,406.84,952.125,21131.8
2020-11-09,313,382.136,446.85,823.993,1462.99,2079.42,2035.85,1922.85,1744.42,1608.14,1646.56,1790.85,1584.71,1113.99,688.993,545.279,411.85,973.279,21262.2
2020-11-10,314,391.718,467.575,858.861,1483.15,2040.86,2020.86,1925.43,1749.15,1609,1669.15,1784.43,1603.86,1110.29,686.861,551.147,408.433,993.861,21354.6
2020-11-11,315,393.015,476.3,895.586,1482.73,1987.01,1996.3,1904.87,1737.87,1593.44,1667.87,1779.16,1595.73,1101.73,682.729,546.872,408.586,995.443,21245.2
2020-11-12,316,385.454,477.454,913.597,1451.74,1891.03,1918.6,1834.88,1679.03,1565.31,1637.31,1723.31,1553.45,1064.74,662.168,530.597,403.311,994.025,20686
2020-11-13,317,382.607,490.036,959.036,1410.89,1763.18,1816.04,1749.46,1632.61,1527.75,1596.61,1660.04,1490.18,1029.46,626.036,514.75,388.607,987.036,20024.3
2020-11-14,318,367.475,495.761,995.047,1398.9,1647.62,1725.05,1680.19,1591.62,1488.33,1556.48,1608.05,1436.48,989.047,591.047,486.332,369.047,974.047,19400.5
2020-11-15,319,358.05,501.336,1014.05,1340.91,1521.62,1605.05,1603.48,1515.62,1441.48,1494.48,1515.48,1347.19,917.05,553.907,457.907,353.621,942.05,18483.3
2020-11-16,320,351.196,493.482,1022.05,1275.48,1404.05,1483.05,1513.77,1441.34,1374.34,1430.34,1431.2,1267.77,866.768,516.911,436.768,336.768,913.053,17558.3
2020-11-17,321,332.057,484.057,1015.91,1198.34,1300.49,1388.06,1429.2,1355.49,1308.63,1351.91,1338.2,1173.77,810.628,484.485,406.628,314.057,877.057,16569
2020-11-18,322,314.632,476.06,1001.06,1143.92,1209.92,1306.49,1359.35,1290.35,1255.06,1283.06,1278.35,1105.92,763.203,456.489,391.346,298.917,868.06,15802.2
2020-11-19,323,304.064,470.064,993.207,1098.78,1155.21,1248.06,1309.06,1252.06,1209.78,1236.21,1231.78,1040.92,728.349,432.492,372.635,287.349,843.349,15213.4
2020-11-20,324,279.638,452.067,952.781,1039.35,1062.64,1166.35,1225.21,1169.78,1141.07,1146.5,1123.21,950.496,655.924,390.21,333.21,264.638,810.924,14164
2020-11-21,325,268.928,430.499,909.499,957.499,983.928,1095.64,1154.07,1101.21,1079.93,1081.5,1041.36,871.499,603.785,353.785,310.499,248.642,792.785,13285.1
2020-11-22,326,255.232,419.661,883.518,915.09,931.518,1044.66,1090.66,1056.8,1037.8,1033.95,986.661,823.947,570.375,332.375,292.232,236.232,772.375,12683.1
2020-11-23,327,247.394,406.252,864.394,882.394,880.68,1013.25,1057.11,1027.68,1008.82,991.252,946.109,786.252,552.252,315.252,272.109,228.537,755.966,12235.7
2020-11-24,328,241.128,401.271,847.842,861.699,844.128,970.128,1024.84,1002.7,987.414,955.699,925.128,760.557,541.271,301.414,260.414,222.699,745.699,11894
2020-11-25,329,239.861,399.433,839.719,847.004,828.719,958.719,1015.43,985.719,975.719,944.719,900.576,745.576,530.433,292.719,246.433,217.433,727.576,11695.8
2020-11-26,330,235.452,397.452,833.881,832.166,815.452,944.595,1003.45,969.738,965.595,938.881,881.595,735.166,516.881,284.881,238.881,212.309,727.738,11534.1
2020-11-27,331,231.757,397.471,836.614,809.757,785.043,930.9,985.471,957.328,943.043,932.9,876.043,712.043,506.328,275.043,234.9,214.9,738.328,11367.9
2020-11-28,332,232.919,401.633,840.205,818.633,776.776,916.347,978.633,949.49,935.919,917.062,880.49,701.919,494.633,273.062,231.062,213.062,734.347,11296.2
2020-11-29,333,232.932,402.504,817.932,811.789,762.504,911.361,973.361,948.789,938.075,910.504,874.646,693.504,498.075,269.789,224.789,205.504,736.075,11212.1
2020-11-30,334,231.945,411.088,821.945,803.945,771.374,915.088,958.374,960.802,950.517,917.088,869.945,690.231,492.231,271.517,227.231,202.945,736.231,11232.5
2020-12-01,335,230.101,418.959,843.816,813.816,775.673,918.816,963.387,968.53,952.101,931.387,879.816,685.244,484.53,271.244,222.53,202.53,741.816,11304.3
2020-12-02,336,232.257,425.686,851.972,825.257,785.115,930.257,975.829,976.543,966.686,940.257,884.257,689.543,488.257,270.829,229.257,204.686,744.972,11421.7
2020-12-03,337,236.128,432.985,877.699,851.842,797.128,948.985,1006.84,1004.98,990.271,962.556,895.128,703.842,500.985,279.842,237.556,207.128,753.556,11687.5
2020-12-04,338,245.57,447.712,892.57,893.712,829.998,964.141,1035.86,1044.14,1026.86,995.855,910.427,735.855,515.427,283.855,233.284,204.57,749.712,12009.5
2020-12-05,339,256.583,464.583,926.869,911.869,868.154,1019.73,1075.15,1092.58,1081.58,1024.44,931.869,763.726,528.154,297.297,235.726,208.869,752.869,12440.1
2020-12-06,340,267.464,480.464,984.893,955.464,933.178,1087.18,1133.04,1145.18,1119.04,1061.75,970.321,801.321,549.178,303.464,244.464,217.607,773.036,13027
2020-12-07,341,288.06,509.774,1034.2,1026.63,1009.92,1174.92,1221.77,1218.63,1204.92,1134.49,1038.77,854.06,577.488,317.631,255.774,224.631,807.06,13898.7
2020-12-08,342,316.941,541.941,1090.23,1105.23,1084.08,1266.51,1322.23,1326.37,1293.23,1216.8,1107.51,924.37,619.227,342.37,276.656,234.941,841.513,14910.1
2020-12-09,343,339.394,575.394,1153.25,1170.11,1150.82,1335.11,1400.39,1411.54,1368.54,1295.11,1172.11,974.251,654.68,362.966,286.394,247.68,868.108,15765.8
2020-12-10,344,367.275,618.133,1236.99,1249.99,1232.13,1436.7,1492.85,1507.28,1460.7,1377.28,1253.85,1033.42,692.418,386.704,307.275,263.275,901.561,16817.8
2020-12-11,345,412.014,678.014,1372.16,1358.87,1373.73,1619.44,1663.59,1655.16,1604.59,1520.01,1402.87,1134.73,760.585,424.014,341.585,282.014,958.3,18561.7
2020-12-12,346,444.895,730.181,1477.61,1489.18,1536.9,1838.04,1842.32,1817.47,1743.18,1669.61,1545.9,1261.75,828.467,460.61,369.181,303.324,996.895,20355.5
2020-12-13,347,486.791,775.077,1542.93,1597.22,1704.08,2076.93,2065.36,1977.08,1904.65,1821.65,1690.22,1360.79,887.077,508.219,406.648,327.362,1033.08,22165.2
2020-12-14,348,518.401,795.829,1579.97,1670.54,1859.97,2287.4,2270.83,2127.83,2040.26,1947.11,1808.11,1467.54,964.115,553.258,442.829,349.258,1062.83,23746.1
2020-12-15,349,558.296,827.01,1627.44,1721.44,2039.58,2513.44,2462.87,2289.01,2192.87,2100.58,1957.58,1584.87,1043.01,596.439,472.153,373.296,1088.58,25448.5
2020-12-16,350,584.62,832.334,1636.91,1733.91,2103.62,2639.91,2567.05,2374.91,2258.91,2160.33,2017.76,1638.62,1081.91,622.62,500.049,386.049,1114.91,26254.4
2020-12-17,351,625.944,858.516,1644.66,1782.23,2281.37,2856.23,2751.37,2524.37,2392.09,2288.52,2137.09,1769.8,1166.8,666.516,530.658,399.23,1116.23,27791.6
2020-12-18,352,660.411,872.982,1628.7,1815.13,2455.27,3099.27,2993.84,2736.41,2579.84,2453.7,2299.13,1922.13,1259.27,736.411,572.125,421.982,1143.41,29650
2020-12-19,353,706.592,905.449,1620.45,1835.16,2625.59,3278.45,3187.16,2912.45,2725.74,2619.16,2452.16,2039.02,1366.45,801.878,628.878,446.164,1178.16,31328.9
2020-12-20,354,735.852,917.852,1588.57,1839.14,2713.14,3371.28,3279.14,3044.28,2824.42,2719.14,2535.99,2136.42,1432.99,844.423,651.995,456.995,1198.85,32290.5
2020-12-21,355,736.969,906.254,1535.83,1783.54,2686.54,3300.68,3239.4,3043.4,2812.97,2734.68,2575.11,2148.54,1439.11,850.826,648.254,449.683,1168.11,32059.9
2020-12-22,356,657.8,796.657,1343.8,1604.94,2436.66,3009.37,2959.94,2798.94,2592.8,2506.09,2353.37,1985.23,1329.94,784.228,600.085,407.8,1065.8,29233.5
2020-12-23,357,695.345,834.917,1355.92,1697.2,2625.77,3195.2,3148.2,3025.06,2818.49,2701.63,2564.2,2160.49,1443.49,846.059,639.202,421.631,1104.92,31277.7
2020-12-24,358,713.319,857.462,1357.32,1773.75,2793.18,3363.75,3343.03,3225.32,2996.03,2869.46,2751.75,2309.89,1553.46,904.033,670.605,452.748,1173.89,33109
2020-12-25,359,689.579,803.722,1247.44,1733.29,2808.44,3312.15,3303.29,3168.44,2947.86,2824.58,2742.86,2302.72,1573.86,909.293,679.293,450.864,1148.15,32645.8
2020-12-26,360,750.696,851.41,1330.7,1966.98,3218.55,3795.12,3759.98,3568.41,3328.27,3154.55,3125.12,2681.12,1839.84,1057.12,774.981,527.41,1329.12,37059.4
2020-12-27,361,798.781,906.352,1407.92,2163.21,3582.64,4167.35,4116.07,3881.21,3590.49,3419.21,3435.49,2971.49,2069.49,1190.49,866.495,596.781,1451.78,40615.3
2020-12-28,362,830.866,943.437,1460.15,2316.72,3823.15,4451.58,4380.29,4102.01,3766.58,3579.44,3639.87,3185.01,2213.29,1288.29,945.866,649.723,1549.15,43125.4
2020-12-29,363,883.951,997.951,1523.38,2426.66,4018.52,4672.09,4599.38,4280.24,3931.95,3737.95,3828.38,3352.52,2340.38,1361.95,1002.38,687.093,1645.24,45290
2020-12-30,364,907.036,1043.46,1578.61,2591.61,4313.04,4946.61,4859.18,4462.46,4073.89,3901.18,4021.46,3535.75,2471.61,1449.32,1060.18,737.036,1771.04,47723.5
2020-12-31,365,916.835,1057.83,1596.41,2677.26,4487.69,5098.55,4964.98,4505.55,4112.69,3946.55,4061.55,3585.69,2512.41,1467.98,1090.55,754.264,1835.26,48672.1
2021-01-01,366,975.063,1159.21,1713.49,2942.06,4960.35,5566.06,5331.21,4833.78,4379.35,4236.06,4362.21,3860.06,2724.21,1594.21,1195.92,837.634,2081.63,52752.5
2021-01-02,367,911.862,1093.29,1587.43,2861.29,4895.43,5362,5095.58,4583.86,4121.29,4023.29,4163,3682.15,2608.86,1526,1170.72,826.148,2112.58,50624.8
2021-01-03,368,856.826,1024.97,1493.54,2765.25,4791.4,5199.11,4907.83,4400.4,3929.25,3844.4,4003.4,3554.83,2512.97,1459.11,1136.97,815.397,2164.83,48860.5
2021-01-04,369,842.503,996.218,1453.22,2773.79,4860.65,5209.79,4861.65,4341.5,3866.22,3814.93,3978.65,3541.79,2523.65,1456.65,1135.93,829.789,2277.93,48764.8
2021-01-05,370,865.181,1017.04,1483.61,2906.04,5100.04,5423.04,5033.32,4473.18,3975.61,3938.9,4128.47,3664.9,2615.9,1514.32,1176.32,878.895,2465.61,50660.4
2021-01-06,371,814.43,934.145,1366.72,2732.14,4835.86,5145.57,4752.72,4194.57,3723.86,3709.72,3895.72,3470.43,2482.57,1422.57,1122.57,851.43,2428.72,47883.7
2021-01-07,372,765.679,855.251,1259.54,2555.82,4548.97,4843.82,4483.68,3961.54,3508.68,3506.25,3731.39,3335.54,2389.25,1366.68,1077.54,821.394,2390.11,45401.1
2021-01-08,373,736.929,764.643,1137.21,2338.5,4213.93,4522.64,4220.36,3745.64,3337.79,3316.36,3564.5,3221.5,2287.79,1283.79,1023.07,785.071,2360.64,42860.4
2021-01-09,374,728.892,724.178,1061.46,2153.46,3917.18,4245.32,3995.03,3574.61,3211.89,3205.18,3442.18,3121.03,2210.03,1221.03,966.035,753.892,2315.89,40847.3
2021-01-10,375,725.97,694.827,1011.68,2039.11,3695.11,4044.54,3855.26,3438.11,3118.68,3128.97,3366.97,3043.4,2121.54,1176.54,927.256,723.684,2264.97,39376.6
2021-01-11,376,727.19,680.333,971.048,1903.62,3529.33,3883.9,3756.48,3357.9,3067.62,3041.48,3292.33,2975.33,2057.05,1130.05,882.619,693.19,2227.33,38176.8
2021-01-12,377,741.411,687.268,955.268,1808.98,3397.98,3771.84,3693.41,3321.7,3023.27,3005.98,3228.13,2926.55,2030.13,1091.55,859.84,663.411,2166.13,37372.8
2021-01-13,378,742.203,677.917,925.06,1718.35,3253.92,3657.77,3600.35,3242.63,2949.63,2909.06,3136.2,2841.49,1977.06,1057.63,830.203,633.346,2087.2,36240
2021-01-14,379,741.852,667.709,899.281,1651,3130.71,3559.85,3515.42,3171.85,2882.85,2830.14,3066.42,2757.71,1928,1019.42,795.281,614.424,2039.42,35271.3
2021-01-15,380,731.359,663.93,864.787,1553.36,2954.5,3365.22,3365.93,3043.64,2750.36,2717.5,2939.07,2624.79,1840.79,965.644,740.644,584.073,1941.79,33647.4
2021-01-16,381,722.579,653.294,850.865,1480.15,2812.01,3234.86,3297.58,2960.72,2647.44,2608.44,2834.72,2498.29,1747.44,929.436,701.008,546.294,1863.44,32388.6
2021-01-17,382,712.741,643.741,821.026,1398.31,2686.46,3077.46,3169.46,2863.88,2557.03,2481.31,2712.88,2380.03,1705.17,877.455,673.312,523.169,1820.88,31104.3
2021-01-18,383,695.902,628.902,783.331,1331.19,2540.9,2956.05,3037.05,2761.76,2444.62,2379.76,2600.9,2259.62,1641.9,835.045,641.331,500.045,1724.9,29763.2
2021-01-19,384,675.635,604.064,745.635,1260.78,2419.35,2811.64,2914.49,2649.06,2346.64,2261.78,2487.78,2154.35,1553.78,806.492,605.207,477.349,1631.49,28405.5
2021-01-20,385,659.225,582.368,719.368,1199.37,2322.8,2674.94,2799.65,2563.8,2265.37,2181.08,2394.08,2084.65,1496.65,776.797,577.654,461.082,1589.8,27348.7
2021-01-21,386,637.53,555.244,673.387,1122.39,2197.1,2501.67,2652.96,2435.82,2140.24,2071.39,2251.1,1967.96,1402.24,742.244,552.387,436.672,1527.1,25867.4
2021-01-22,387,610.263,514.548,619.405,1033.41,2035.12,2334.55,2485.83,2267.55,1988.83,1898.55,2068.12,1806.41,1280.12,695.12,511.977,397.548,1432.98,23980.3
2021-01-23,388,580.138,483.995,569.995,960.281,1910,2177,2307.85,2131.28,1874.57,1764.57,1903.71,1692.57,1202.14,642.424,479.995,376.567,1330.85,22387.9
2021-01-24,389,555.549,469.263,545.406,900.834,1808.83,2069.26,2192.55,2037.83,1789.41,1690.12,1802.98,1623.98,1137.41,624.406,451.834,349.834,1235.26,21284.8
2021-01-25,390,536.244,453.387,531.244,856.387,1726.1,1962.67,2115.82,1958.24,1714.82,1628.82,1712.39,1566.39,1087.82,596.244,439.673,340.244,1186.39,20412.9
2021-01-26,391,516.94,439.226,516.94,818.94,1626.94,1850.65,2022.94,1865.65,1637.37,1552.08,1633.08,1504.23,1042.08,566.94,421.512,330.369,1149.08,19495
2021-01-27,392,506.351,431.208,502.636,804.922,1587.06,1789.49,1959.92,1804.64,1582.64,1508.64,1571.49,1455.92,1014.06,554.351,412.208,321.351,1104.06,18911
2021-01-28,393,498.475,431.618,510.332,798.904,1566.33,1785.76,1945.62,1792.76,1573.76,1494.62,1559.33,1439.33,1005.48,550.618,411.904,318.904,1089.9,18773.6
2021-01-29,394,468.742,415.028,487.028,769.314,1486.6,1698.31,1860.03,1716.31,1495.6,1427.6,1482.74,1372.74,965.171,521.457,390.457,306.457,1024.6,17888.2
2021-01-30,395,455.867,408.724,466.153,732.01,1394.01,1621.72,1772.72,1636.58,1419.72,1360.3,1415.44,1304.58,919.295,498.438,366.153,290.153,972.01,17033.9
2021-01-31,396,445.582,396.296,437.439,709.868,1318.72,1567.44,1705.72,1567.15,1353.15,1298.72,1348.87,1226.44,873.296,477.725,351.582,278.296,930.439,16286.8
2021-02-01,397,439.297,386.012,438.154,694.583,1265.58,1501.01,1619.15,1499.44,1284.44,1228.15,1273.73,1167.01,836.44,458.154,327.297,260.297,880.726,15559.5
2021-02-02,398,422.013,366.87,416.441,655.727,1216.58,1448.73,1545.16,1441.73,1222.16,1177.3,1208.01,1100.01,793.155,432.298,313.441,244.013,826.013,14829.6
2021-02-03,399,402.299,352.299,409.013,628.728,1158.44,1408.3,1488.16,1387.01,1174.44,1123.3,1178.73,1049.44,762.156,414.728,303.728,237.728,805.585,14284.1
2021-02-04,400,388.3,348.443,401.586,621.729,1123.87,1370.16,1436.87,1340.87,1133.16,1084.16,1139.16,1016.87,738.586,403.3,293.443,237.443,783.729,13861.7
2021-02-05,401,376.73,332.872,387.444,582.73,1052.16,1283.73,1354.59,1270.87,1073.73,1024.16,1074.59,947.73,684.158,373.587,273.587,226.301,731.015,13050
2021-02-06,402,350.731,313.731,368.588,563.445,999.016,1213.02,1292.73,1207.02,1023.44,966.016,1020.02,898.302,654.588,357.302,261.588,209.731,662.302,12361.6
2021-02-07,403,328.064,291.778,345.921,526.064,951.349,1129.21,1217.21,1128.49,961.635,916.921,967.778,851.778,618.207,331.921,244.492,196.349,613.778,11620.9
2021-02-08,404,305.682,276.968,313.254,489.397,898.111,1061.83,1166.4,1066.54,917.968,861.54,922.825,810.682,576.54,312.682,233.254,182.682,573.397,10969.7
2021-02-09,405,291.873,266.873,298.444,479.444,860.444,1030.02,1119.87,1025.59,884.873,820.587,879.444,793.016,557.016,297.73,220.873,172.873,538.158,10537.1
2021-02-10,406,283.92,261.92,287.777,464.492,836.063,982.492,1088.92,994.634,854.206,798.349,840.492,768.777,544.063,287.634,207.92,163.492,518.634,10183.8
2021-02-11,407,280.539,255.825,278.539,440.539,813.253,938.396,1059.25,967.11,826.253,774.253,813.682,747.253,538.825,276.968,201.682,154.682,495.825,9862.88
2021-02-12,408,271.158,248.872,266.158,438.729,815.444,929.729,1041.87,953.158,809.729,758.872,797.301,751.015,536.729,274.301,202.872,148.301,477.586,9721.83
2021-02-13,409,273.062,241.348,257.634,423.92,811.777,918.205,1026.78,953.634,794.634,751.348,788.777,730.777,526.062,267.777,201.491,147.491,456.92,9571.63
2021-02-14,410,266.539,232.396,251.539,420.11,792.253,891.681,1011.4,943.824,782.967,724.967,765.824,714.539,515.396,256.967,193.681,141.681,433.824,9339.59
2021-02-15,411,255.586,220.015,238.301,418.443,776.015,888.015,993.586,938.872,775.158,724.301,761.015,691.301,504.443,251.015,186.443,135.443,423.301,9181.25
2021-02-16,412,248.777,217.063,236.634,400.634,768.205,869.205,972.348,919.348,759.205,706.348,745.634,667.777,498.777,251.491,181.063,126.634,399.063,8968.21
2021-02-17,413,246.967,214.396,236.11,400.682,761.967,863.11,959.539,909.539,751.539,698.539,739.396,660.11,489.396,249.682,179.11,124.253,391.396,8875.73
2021-02-18,414,240.586,210.301,234.444,406.872,754.872,858.444,946.729,907.444,745.872,692.158,732.729,657.872,481.444,248.872,176.872,120.301,382.872,8798.68
2021-02-19,415,229.92,211.063,240.777,394.92,724.777,827.634,919.634,879.491,718.206,656.348,698.491,624.92,460.634,240.206,162.348,110.206,354.634,8454.21
2021-02-20,416,223.11,204.825,240.539,390.396,691.967,792.539,884.682,833.682,692.825,624.967,669.967,601.825,431.253,229.253,152.539,99.396,336.396,8100.16
2021-02-21,417,210.139,201.567,237.139,376.996,661.139,769.71,841.425,784.996,662.139,604.853,639.139,568.139,411.567,219.567,140.139,93.996,314.567,7737.22
2021-02-22,418,203.024,197.167,228.882,360.596,619.882,723.739,791.167,728.167,624.739,570.596,597.453,535.882,389.882,208.739,130.882,87.7387,295.167,7293.7
2021-02-23,419,192.196,186.339,214.767,349.91,581.196,681.767,745.339,687.196,584.91,540.767,566.767,503.482,360.91,189.624,119.91,80.4815,276.624,6862.19
2021-02-24,420,179.51,175.081,201.939,324.939,551.224,656.367,707.939,650.224,553.367,514.796,534.081,472.51,343.653,176.367,112.796,75.7957,260.939,6491.53
2021-02-25,421,169.681,164.824,194.539,302.967,520.681,617.539,672.11,605.681,519.824,486.396,507.967,440.681,321.253,163.253,105.253,72.3956,248.253,6113.3
2021-02-26,422,159.281,146.567,179.138,281.567,477.71,558.996,610.71,552.281,478.853,446.567,464.138,395.138,293.71,143.996,92.2813,64.9956,228.424,5574.35
2021-02-27,423,146.024,142.31,177.881,270.024,447.167,519.595,573.31,520.453,453.024,419.595,437.167,370.738,278.738,131.31,83.7383,63.8812,216.167,5251.12
2021-02-28,424,143.03,136.173,176.459,261.744,417.887,492.887,547.887,492.887,427.459,387.173,407.601,349.316,256.459,119.744,77.6014,58.1729,203.03,4955.51
2021-03-01,425,136.893,132.607,182.893,260.179,398.322,466.893,526.607,471.179,411.465,364.75,381.893,322.036,237.179,107.893,73.3217,54.1788,184.179,4712.47
2021-03-02,426,134.899,129.899,193.042,265.756,383.185,450.042,514.899,457.756,395.042,349.756,368.47,309.613,221.328,101.47,66.6133,52.0419,176.613,4570.43
2021-03-03,427,136.048,136.905,198.334,276.048,379.048,441.476,509.191,455.334,391.619,340.048,362.905,305.905,210.048,99.0478,64.4764,50.7621,173.048,4530.24
2021-03-04,428,136.197,143.339,198.054,280.911,372.054,439.054,498.911,451.197,391.625,331.054,356.339,303.625,205.911,97.9109,61.9109,49.3395,170.768,4488.2
2021-03-05,429,137.06,147.917,214.203,314.203,364.06,438.774,491.774,439.488,383.631,326.06,348.345,297.345,196.203,94.6311,61.3454,47.774,155.203,4458.02
2021-03-06,430,140.637,146.923,235.494,333.923,363.637,433.066,484.923,429.494,375.923,317.066,335.637,288.923,187.78,89.7799,58.4942,42.9228,143.637,4408.26
2021-03-07,431,142.497,153.782,254.068,338.497,365.211,425.782,472.782,436.64,371.925,317.782,333.782,281.354,184.782,87.4968,57.4968,40.7825,138.782,4403.45
2021-03-08,432,149.071,161.499,263.356,346.642,362.785,423.356,473.356,431.214,367.499,316.785,331.928,278.642,179.642,82.6422,54.9279,39.0707,134.214,4396.63
2021-03-09,433,149.073,171.645,279.216,354.93,367.645,423.073,461.645,425.788,372.073,320.788,328.502,269.359,179.359,83.2161,57.7876,39.0733,129.645,4412.82
2021-03-10,434,150.933,177.79,281.504,346.362,364.79,416.933,457.076,425.647,368.219,322.647,324.362,267.362,177.647,79.933,56.3615,38.5044,128.076,4384.15
2021-03-11,435,153.507,188.221,294.65,356.364,364.936,415.078,455.078,428.793,371.078,324.65,317.936,262.65,169.221,80.2212,54.7927,37.9355,122.936,4398.05
2021-03-12,436,152.367,215.652,315.795,345.367,362.224,416.795,448.509,429.224,371.652,323.367,310.795,253.367,161.938,75.9381,54.2238,34.9381,115.938,4388.09
2021-03-13,437,149.083,241.083,321.083,341.226,349.512,408.369,440.369,429.226,361.941,316.083,301.083,240.941,157.083,75.9406,51.2263,34.6549,109.226,4328.13
2021-03-14,438,151.982,262.839,348.839,354.268,343.554,397.554,431.411,420.268,356.697,310.982,294.411,235.697,148.125,76.5537,48.4109,33.8395,100.125,4315.56
2021-03-15,439,146.881,278.167,373.881,353.024,341.31,388.453,419.453,428.31,351.738,309.595,288.167,230.738,146.881,73.7383,46.024,33.5955,92.3097,4302.27
2021-03-16,440,147.637,289.78,382.351,343.637,330.351,377.78,419.494,427.351,349.066,303.494,280.209,224.066,138.78,67.78,43.3515,33.6372,85.78,4244.55
2021-03-17,441,147.25,303.25,394.965,350.107,322.965,373.107,417.965,424.679,348.679,299.536,275.25,220.25,136.25,67.9646,45.3932,34.1075,80.6789,4242.4
2021-03-18,442,147.578,314.435,478.006,388.863,322.006,372.006,424.149,423.578,353.863,304.149,274.149,219.435,140.149,64.1492,46.292,33.0063,80.1492,4385.96
2021-03-19,443,146.905,315.762,500.905,390.191,314.334,362.762,419.477,421.905,350.619,296.762,266.477,213.905,137.048,62.7623,44.048,33.4766,76.4766,4353.82
2021-03-20,444,144.375,310.804,508.947,389.947,307.09,359.661,411.947,416.233,353.375,299.09,260.947,208.233,131.233,58.0898,43.3755,30.2326,72.5183,4306.1
2021-03-21,445,137.5,306.643,542.5,410.929,306.357,359.929,415.929,417.786,358.643,298.214,255.929,205.214,128.643,54.5,43.5,29.2143,72.2143,4343.64
2021-03-22,446,134.91,308.053,558.91,420.625,301.196,355.91,411.625,409.482,353.482,295.196,253.482,204.339,124.196,55.0531,44.7674,28.7674,73.196,4333.19
2021-03-23,447,128.463,299.463,553.463,418.321,288.892,347.749,399.892,408.606,349.321,288.035,252.892,203.606,122.321,55.6062,43.4634,28.0348,70.7491,4258.88
2021-03-24,448,122.302,291.445,557.874,418.588,286.731,345.302,388.874,405.159,345.731,284.731,247.731,198.588,117.159,53.5879,39.8736,27.5879,68.4451,4199.71
2021-03-25,449,117.712,278.57,554.998,417.284,284.57,337.57,381.284,400.284,344.284,279.712,248.57,195.427,113.141,53.7125,38.5696,27.7125,66.9982,4140.4
2021-03-26,450,108.408,251.98,506.123,382.408,273.408,312.408,361.266,380.266,326.408,264.408,236.123,182.123,105.98,50.9799,35.9799,24.9799,59.6942,3862.94
2021-03-27,451,100.39,233.676,477.819,357.819,263.247,289.39,345.962,365.247,308.819,252.104,225.104,174.533,101.39,51.533,36.8187,24.2473,58.3901,3666.49
2021-03-28,452,91.9999,207.714,429,318.428,244.857,268,318.857,343.714,289.714,238,218.428,161.857,95.2856,49.857,34.7142,23.857,52.7142,3387
2021-03-29,453,82.1811,182.61,388.467,292.895,228.895,251.038,300.181,327.324,282.181,228.895,209.61,152.324,89.1811,47.3239,30.3239,20.8954,48.8954,3163.22
2021-03-30,454,74.0765,165.219,361.362,276.505,216.077,235.934,284.362,305.077,264.362,217.077,192.648,140.505,82.2194,43.648,28.2194,17.648,47.0765,2952.02
2021-03-31,455,69.5434,147.543,344.686,267.401,206.258,224.543,272.829,290.686,254.543,210.115,187.258,134.401,79.6863,42.4006,28.4006,16.1149,44.5434,2820.95
2021-04-01,456,61.0103,132.725,266.867,221.725,190.582,207.867,249.01,270.153,230.725,194.725,169.725,118.725,74.4389,39.4389,27.0103,15.1532,42.296,2512.18
2021-04-02,457,54.4772,120.62,258.191,220.334,172.62,199.477,235.763,249.334,213.906,188.191,161.049,108.191,69.4772,37.3344,25.7629,13.3344,42.6201,2370.68
2021-04-03,458,49.9441,107.944,243.373,214.944,174.373,198.516,232.516,241.373,212.23,187.23,159.944,103.658,71.2298,36.2298,24.6584,14.5155,40.3727,2313.05
2021-04-04,459,46.9833,100.84,219.269,206.412,170.84,199.555,233.983,234.555,208.698,177.983,149.983,101.126,71.1261,33.6976,25.5547,15.4118,39.9833,2236
2021-04-05,460,46.8796,91.8796,203.165,203.022,171.022,201.022,234.451,229.165,206.022,173.165,142.165,95.5939,70.3082,34.7367,26.1653,16.1653,38.8796,2183.81
2021-04-06,461,45.0616,86.0616,199.49,204.633,179.776,204.633,239.204,235.347,208.347,177.062,143.776,97.7759,71.7759,36.0616,26.4902,17.633,40.9188,2214.05
2021-04-07,462,41.9579,85.1008,194.529,203.386,184.101,203.815,237.101,233.529,203.529,174.529,142.958,95.3865,71.5294,38.3865,26.2436,19.5294,42.6722,2198.28
2021-04-08,463,42.9971,81.7114,194.854,205.283,187.854,210.14,236.569,230.711,201.426,169.711,141.997,96.8542,70.9971,39.4257,26.9971,19.5685,40.4257,2197.52
2021-04-09,464,43.8934,79.0363,186.465,207.036,196.179,212.893,232.608,236.179,203.751,169.608,139.179,100.036,71.1791,40.7506,28.0363,20.6077,39.4648,2206.9
2021-04-10,465,43.2183,78.7897,178.79,202.79,189.933,208.218,221.504,226.504,190.361,158.504,130.504,96.2183,66.9326,40.0754,27.0754,20.6469,39.7897,2119.85
2021-04-11,466,40.7906,75.2191,164.933,195.362,187.933,197.791,211.076,216.076,178.505,154.076,126.933,91.7906,64.9334,39.362,27.7906,18.7906,40.362,2031.73
2021-04-12,467,38.9343,73.22,162.363,185.22,179.363,189.22,201.363,203.363,165.22,147.077,121.649,86.5057,62.5057,37.22,27.6486,19.0771,37.7914,1937.74
2021-04-13,468,38.2208,71.6494,159.221,180.507,177.649,181.792,193.364,191.649,157.935,141.935,113.935,80.6494,59.9351,36.9351,28.3637,18.7923,34.3637,1866.9
2021-04-14,469,37.5074,66.0788,155.079,173.365,172.222,175.222,186.365,183.65,150.936,135.507,107.222,78.0788,56.0788,34.6503,27.0788,16.6503,31.5074,1787.2
2021-04-15,470,35.9368,64.6511,182.651,189.794,170.651,171.508,185.794,185.365,150.794,136.794,104.651,79.3654,55.794,33.2225,27.2225,16.0797,32.9368,1823.21
2021-04-16,471,34.3662,62.652,189.652,193.081,167.652,169.223,187.509,181.938,146.938,130.081,101.938,78.0805,57.652,33.652,26.9377,15.9377,32.0805,1809.37
2021-04-17,472,36.6528,61.3671,195.653,197.939,168.796,167.939,191.367,182.939,149.081,128.796,96.9385,77.6528,56.5099,34.2242,26.3671,15.3671,29.0814,1816.67
2021-04-18,473,37.5587,63.8444,212.559,204.987,167.987,167.702,194.13,185.987,153.844,125.13,92.7016,77.1301,58.1301,36.5587,25.7016,15.1301,27.273,1846.35
2021-04-19,474,36.6074,66.1789,217.607,206.322,174.322,168.465,191.893,186.607,151.179,124.75,93.036,79.1789,59.7503,38.1789,25.3217,14.4646,27.4646,1861.33
2021-04-20,475,37.0848,67.6562,214.513,202.799,167.513,171.228,192.085,184.228,146.513,119.799,91.9419,77.7991,59.3705,36.6562,24.7991,14.0848,25.3705,1833.44
2021-04-21,476,38.4192,70.1335,214.991,201.848,166.134,167.562,189.848,180.705,146.848,116.991,91.7049,74.1335,60.8478,37.2764,24.2764,14.5621,25.8478,1822.13
2021-04-22,477,39.3251,70.7537,198.754,187.897,165.897,165.897,187.897,175.039,142.611,112.325,92.3251,72.7537,60.468,38.1823,24.468,14.8966,25.0394,1774.53
2021-04-23,478,40.9453,74.9453,198.374,185.231,165.66,165.802,187.66,176.374,141.088,115.088,92.9453,71.6596,59.231,38.231,23.5167,13.8025,22.5167,1773.07
2021-04-24,479,37.2798,77.1369,201.28,183.994,157.137,164.137,177.28,171.994,139.28,116.137,92.5655,69.2798,58.9941,36.5655,23.1369,12.8512,22.7083,1741.76
2021-04-25,480,36.9932,77.4218,205.707,184.136,158.993,161.85,170.565,166.993,138.565,117.422,92.2789,67.1361,54.9932,35.7075,21.5646,13.2789,20.1361,1723.74
2021-04-26,481,35.9924,77.4209,210.278,178.707,152.135,159.707,165.85,166.135,141.421,114.278,88.9924,68.1352,52.5638,33.4209,22.8495,12.1352,18.5638,1698.58
2021-04-27,482,34.1344,78.4201,209.849,177.134,147.277,157.849,160.277,160.706,138.992,114.563,89.1344,67.2772,52.9915,32.1344,20.8487,10.5629,19.7058,1671.86
2021-04-28,483,32.5621,79.9907,208.848,175.705,145.562,156.991,159.419,160.991,136.562,113.848,88.1335,69.4192,51.4192,28.9907,20.5621,10.5621,18.5621,1658.13
2021-04-29,484,32.5612,78.4184,195.99,161.276,139.561,150.276,149.704,156.418,129.847,108.133,83.5612,66.1327,48.847,28.9898,18.5612,9.7041,17.9898,1575.97
2021-04-30,485,30.7033,75.1318,203.989,161.132,130.132,144.703,138.703,144.703,126.275,103.418,78.4175,62.5604,47.4175,26.989,18.1318,9.13183,16.5604,1518.1
2021-05-01,486,34.131,79.131,214.131,170.56,135.56,142.845,142.845,148.988,127.988,103.417,80.7024,66.4167,46.9881,27.131,18.5595,9.84526,15.4167,1564.66
2021-05-02,487,33.7503,84.6075,213.893,168.179,130.465,145.893,148.322,145.465,126.607,103.322,83.7503,67.8932,47.4646,25.6075,17.4646,10.4646,14.8932,1568.04
2021-05-03,488,33.6554,85.2268,213.655,175.941,131.227,145.084,150.084,147.941,125.655,105.084,86.5125,65.5125,46.6554,27.0839,16.0839,10.0839,15.0839,1580.57
2021-05-04,489,35.1318,84.7033,222.132,176.989,137.132,143.275,153.56,150.989,129.846,106.989,84.4175,64.2747,43.2747,27.4175,16.5604,12.2747,13.989,1602.96
2021-05-05,490,36.3226,85.0369,226.323,178.323,141.18,144.18,155.751,148.323,130.894,106.18,83.7512,63.6083,43.894,29.0369,16.6083,11.6083,14.1797,1615.2
2021-05-06,491,37.0848,91.2276,241.942,191.656,148.37,151.799,162.228,154.942,136.799,114.228,88.2276,69.9419,44.7991,28.6562,17.5133,12.5133,14.3705,1706.3
2021-05-07,492,38.847,101.133,246.704,195.704,160.276,158.418,173.847,163.418,141.276,113.99,91.9898,72.2755,44.2755,27.2755,16.9898,12.9898,14.9898,1774.4
2021-05-08,493,35.752,98.0377,237.609,189.752,157.038,158.466,170.466,161.895,137.466,111.181,89.0377,71.752,43.8949,27.4663,16.1806,11.8949,15.4663,1733.36
2021-05-09,494,35.7337,96.3051,225.019,185.162,154.448,154.305,167.591,162.162,134.591,111.448,86.7337,70.7337,41.8765,27.1623,16.8765,11.1623,16.3051,1697.62
2021-05-10,495,36.7154,95.2868,220.287,182.144,152.43,154.573,165.573,162.001,133.287,108.287,83.5725,73.0011,42.144,25.4297,17.4297,11.144,15.7154,1679.02
2021-05-11,496,37.5542,99.5542,217.983,187.126,148.983,151.697,162.268,160.126,132.268,103.268,84.4114,73.1256,42.1256,25.1256,16.4114,9.69707,15.1256,1666.85
2021-05-12,497,37.2502,99.2502,219.25,192.822,146.964,152.964,162.679,163.536,132.822,103.107,84.5359,71.9645,42.393,24.9645,16.9645,9.39304,15.2502,1676.11
2021-05-13,498,36.089,96.6604,209.66,190.66,143.946,149.66,161.375,158.518,130.66,97.3747,82.9462,66.9462,41.8033,24.9462,16.2319,9.08901,15.089,1631.66
2021-05-14,499,35.6421,103.499,208.928,194.785,141.785,144.642,161.499,160.499,131.928,99.6421,85.2136,65.3564,41.785,26.6421,17.4993,9.0707,16.3564,1644.77
2021-05-15,500,38.9095,117.195,224.052,198.767,145.481,149.624,166.052,164.91,135.481,102.052,87.6238,64.1952,40.6238,26.3381,17.1952,9.48096,15.7667,1703.75
2021-05-16,501,42.6142,123.9,236.614,215.471,153.186,150.757,167.757,169.614,139.043,100.614,89.9,62.7571,42.0428,25.4714,16.9,8.18567,16.3285,1761.16
2021-05-17,502,44.7475,127.605,241.748,223.89,158.89,150.319,171.89,172.748,139.89,102.176,92.6047,61.4618,42.0332,26.7475,15.1761,8.74751,16.4618,1797.14
2021-05-18,503,47.4522,131.024,250.881,227.595,164.738,153.167,176.595,176.309,139.881,105.595,94.7379,63.5951,45.7379,26.0236,16.4522,9.02365,16.8808,1845.69
2021-05-19,504,49.7284,133.728,259.585,231.871,168.728,158.443,177.871,173.871,143.443,106.3,97.7284,66.5855,46.5855,27.1569,17.1569,9.29978,17.4426,1885.52
2021-05-20,505,51.0045,134.433,273.147,234.719,170.862,161.433,181.576,176.147,147.29,112.862,101.147,67.8616,48.1473,26.7188,16.7188,10.1473,16.8616,1931.08
2021-05-21,506,52.4235,138.709,284.995,237.423,176.852,169.423,185.281,179.852,149.709,117.138,99.5663,72.8521,50.9949,25.7092,15.2806,10.4235,17.2806,1983.91
2021-05-22,507,52.4139,137.985,297.414,250.7,186.557,181.128,196.414,183.128,156.128,118.985,103.7,72.6996,53.8425,24.5568,15.6996,11.5568,17.6996,2060.61
2021-05-23,508,52.4043,142.119,311.976,260.547,210.976,203.261,209.547,194.976,160.119,126.119,109.404,76.69,55.69,27.1186,17.69,12.1186,18.4043,2189.16
2021-05-24,509,54.9662,153.252,330.252,283.68,230.823,223.109,226.395,205.109,172.538,129.538,112.395,79.6805,58.8233,26.109,19.6805,13.8233,18.9662,2339.14
2021-05-25,510,55.2423,158.242,345.671,303.671,250.528,243.528,239.814,219.957,183.814,139.814,117.814,85.0994,60.3852,28.6709,20.2423,13.8137,19.2423,2485.55
2021-05-26,511,56.3756,167.518,353.518,319.518,268.233,260.804,252.947,234.518,193.947,150.804,119.518,87.0899,61.3756,28.3756,19.2327,14.0899,19.947,2607.81
2021-05-27,512,57.366,176.223,347.509,331.937,288.509,278.223,265.509,245.509,196.223,154.223,123.08,91.5089,64.0803,29.9374,20.5089,14.6517,21.7946,2706.79
2021-05-28,513,56.4993,166.356,340.071,348.356,311.785,293.785,275.642,250.071,195.928,155.928,129.928,94.9278,60.3564,30.785,22.785,15.6421,21.6421,2770.49
2021-05-29,514,59.4897,165.633,336.204,378.347,371.347,332.061,305.775,271.347,204.918,170.633,141.775,106.49,63.6326,33.0611,25.4897,14.6326,24.4897,3005.32
2021-05-30,515,63.2798,162.137,332.423,414.565,435.565,390.28,336.423,285.137,221.423,187.565,154.994,114.565,66.8512,35.4226,25.4226,15.9941,25.4226,3267.47
2021-05-31,516,68.2127,159.641,330.641,451.213,517.784,454.07,366.784,301.356,236.356,199.927,168.07,122.927,68.6413,37.7841,27.2127,15.3556,26.927,3552.9
2021-06-01,517,70.8599,157.717,331.574,485.003,586.146,511.146,400.717,319.289,251.431,215.146,180.146,132.003,72.2885,38.5742,29.4314,16.0028,27.8599,3825.33
2021-06-02,518,72.65,158.65,336.65,512.936,645.079,541.793,425.079,333.221,259.65,224.65,190.65,138.221,77.0786,40.3643,32.7929,16.65,27.65,4033.76
2021-06-03,519,75.8687,162.154,369.297,554.869,706.297,586.583,450.297,352.012,279.154,241.869,203.297,148.726,77.4401,43.1544,33.8687,16.1544,28.0115,4329.05
2021-06-04,520,84.2302,182.516,405.516,618.516,808.944,668.516,499.944,384.659,310.23,268.516,220.802,160.516,87.8016,47.8016,33.9445,17.8016,30.6587,4830.91
2021-06-05,521,93.306,191.877,424.163,663.877,899.02,716.02,521.735,399.02,325.592,278.02,228.02,162.735,90.5917,48.8774,34.5917,20.0203,31.5917,5129.06
2021-06-06,522,94.9828,200.554,445.554,700.268,988.983,743.126,541.697,412.983,334.84,281.84,233.84,169.983,95.8399,50.8399,35.5542,20.2685,34.6971,5385.85
2021-06-07,523,97.6596,208.66,457.517,732.945,1064.95,771.66,555.66,419.374,342.374,293.802,243.088,176.374,99.231,53.6596,35.8024,21.5167,36.3739,5610.64
2021-06-08,524,103.336,222.336,473.336,773.765,1147.62,794.622,569.051,421.051,346.194,295.622,248.765,182.194,102.336,57.9078,38.765,24.765,39.0507,5840.72
2021-06-09,525,108.013,227.299,491.585,809.585,1212.01,818.156,580.728,420.299,352.013,301.585,257.013,190.728,106.728,60.1561,39.1561,26.1561,40.0132,6041.22
2021-06-10,526,116.833,242.404,507.976,841.69,1274.12,826.976,596.404,423.261,353.69,304.119,265.404,193.119,111.69,60.69,40.5472,26.9757,41.5472,6227.44
2021-06-11,527,123.367,259.51,546.367,893.081,1364.22,843.795,613.795,427.795,365.795,313.938,278.367,203.653,115.51,62.3668,44.9383,27.6526,43.7954,6527.95
2021-06-12,528,130.329,286.329,595.329,957.615,1456.76,883.472,628.329,433.329,379.901,326.615,282.615,214.187,118.901,65.0437,44.9008,28.9008,44.1865,6876.74
2021-06-13,529,138.32,313.463,637.32,1024.18,1542.46,925.748,646.463,443.606,393.606,343.034,289.177,219.034,122.177,67.0341,46.4626,30.6055,43.4626,7226.15
2021-06-14,530,148.596,347.024,682.453,1094.45,1621.74,961.024,670.453,460.739,411.739,356.167,304.596,227.596,126.024,69.5959,48.3102,30.0245,45.4531,7605.99
2021-06-15,531,156.586,371.872,721.015,1153.73,1693.16,987.015,687.301,476.015,427.015,375.872,312.443,226.586,129.015,68.8721,48.7292,30.3006,49.0149,7914.54
2021-06-16,532,161.577,391.005,749.72,1200.29,1751.15,1014.72,689.005,491.291,439.72,387.005,319.005,230.72,127.577,69.2911,50.1482,31.2911,51.4339,8154.95
2021-06-17,533,163.424,412.853,791.853,1249.85,1823.71,1048.57,697.996,506.996,459.853,396.853,328.853,235.424,131.281,72.71,52.1386,31.5672,50.2815,8454.21
2021-06-18,534,175.272,463.272,857.986,1324.7,1933.99,1116.56,723.7,536.415,489.129,421.558,349.558,246.415,134.558,74.7005,52.5576,33.5576,49.7005,8983.62
2021-06-19,535,182.119,499.262,940.119,1408.69,2060.26,1197.55,760.405,573.977,517.119,453.548,381.119,258.834,141.548,81.548,59.9766,35.4052,50.8337,9602.32
2021-06-20,536,205.033,552.748,1033.18,1507.03,2201.46,1289.32,808.176,628.89,554.176,490.462,404.462,281.462,151.176,86.7475,64.3189,37.3189,53.4618,10349.4
2021-06-21,537,221.518,605.233,1132.23,1605.38,2344.52,1377.09,862.376,689.376,600.804,534.804,431.947,301.804,163.376,91.947,69.6613,42.2327,56.947,11131.2
2021-06-22,538,236.289,670.432,1239.58,1719.43,2526.86,1457.15,912.861,744.861,657.146,576.146,461.575,331.289,173.432,99.4322,74.0036,47.0036,58.5751,11986.1
2021-06-23,539,253.917,733.346,1347.35,1833.92,2698.35,1552.49,984.06,802.632,710.203,619.203,494.917,354.489,190.917,105.06,78.6317,52.6317,61.9174,12874
2021-06-24,540,271.117,793.831,1481.69,1972.26,2896.4,1649.97,1060.97,869.403,764.688,671.117,530.688,381.688,206.117,110.403,89.2598,59.2598,68.2598,13877.1
2021-06-25,541,304.031,901.459,1687.74,2175.17,3190.46,1775.32,1164.32,966.316,857.459,748.174,585.745,416.031,228.316,125.174,101.888,65.1735,77.0307,15369.8
2021-06-26,542,335.802,998.087,1839.8,2351.66,3441.37,1903.66,1280.66,1063.94,944.659,809.516,631.944,455.659,254.659,140.944,108.659,72.8016,86.373,16720.2
2021-06-27,543,356.02,1088.45,1978.16,2517.16,3649.16,2033.16,1393.16,1164.73,1046.88,881.735,682.02,488.163,276.592,152.877,118.735,78.8774,94.1631,18000.1
2021-06-28,544,373.953,1161.38,2105.38,2691.52,3889.95,2168.38,1508.81,1247.81,1119.81,950.953,738.667,525.667,301.239,165.81,128.667,85.5246,102.239,19265.8
2021-06-29,545,395.172,1223.46,2223.17,2812.46,4017.74,2294.89,1607.31,1324.6,1185.6,1001.74,789.172,563.458,327.029,180.886,140.029,91.4576,109.458,20287.6
2021-06-30,546,414.676,1268.53,2324.25,2958.96,4142.96,2410.25,1703.25,1413.39,1249.96,1053.53,832.819,599.676,346.248,194.962,152.105,96.9619,114.819,21277.4
2021-07-01,547,429.895,1312.32,2444.47,3069.89,4196.61,2522.89,1802.18,1487.75,1321.18,1113.04,878.323,638.038,365.609,208.466,158.038,99.8949,120.323,22168.9
2021-07-02,548,442.256,1356.11,2542.54,3183.4,4227.26,2674.4,1940.11,1590.26,1379.26,1160.97,922.542,672.256,392.399,221.828,167.828,105.542,126.971,23105.9
2021-07-03,549,455.046,1402.05,2649.19,3325.19,4297.62,2873.62,2098.19,1705.9,1464.62,1236.48,983.475,709.189,415.332,230.761,181.332,111.046,135.904,24274.9
2021-07-04,550,471.97,1429.83,2763.26,3496.4,4447.83,3136.83,2301.26,1839.11,1554.68,1302.26,1056.26,753.256,450.113,249.113,191.97,118.827,143.541,25706.5
2021-07-05,551,485.75,1451.75,2832.18,3564.61,4429.61,3288.32,2436.89,1934.61,1632.32,1344.46,1094.46,796.036,473.322,263.179,203.893,124.036,147.036,26502.5
2021-07-06,552,500.674,1473.82,2926.1,3681.39,4447.82,3428.96,2566.1,2054.53,1705.39,1405.25,1150.67,832.388,501.102,279.817,217.388,128.817,155.531,27455.7
